feature,provenance,nonmissing_count,missing_count,missing_percentage,zero_percentage_of_nonmissing,unique_nonmissing_values,mean,std,min,q25,median,q75,max
hetionet_available_count,Hetionet graph,130422,0,0.0,73.386392,3,0.29137722163438684,0.5069129976333492,0.0,0.0,0.0,1.0,2.0
both_hetionet_available,Hetionet graph,130422,0,0.0,97.475886,2,0.025241140298415912,0.156857303896392,0.0,0.0,0.0,0.0,1.0
graph_ctd_disease_count_mean,Hetionet graph,3292,127130,97.475886,30.741191,8,0.6085965978128797,0.5904709521992041,0.0,0.0,0.5,1.0,3.5
graph_ctd_disease_count_abs_difference,Hetionet graph,3292,127130,97.475886,40.886999,5,0.8034629404617254,0.8521587726657972,0.0,0.0,1.0,1.0,4.0
graph_cpd_disease_count_mean,Hetionet graph,3292,127130,97.475886,91.433779,7,0.10707776427703523,0.44476258969800786,0.0,0.0,0.0,0.0,3.5
graph_cpd_disease_count_abs_difference,Hetionet graph,3292,127130,97.475886,91.433779,6,0.20990279465370595,0.8663248459147013,0.0,0.0,0.0,0.0,5.0
graph_bound_gene_count_mean,Hetionet graph,3292,127130,97.475886,30.741191,64,4.681652490886999,6.021645646334406,0.0,0.0,2.5,6.5,48.5
graph_bound_gene_count_abs_difference,Hetionet graph,3292,127130,97.475886,31.956258,44,7.060145808019441,9.775730233040717,0.0,0.0,4.0,10.0,56.0
graph_upregulated_gene_count_mean,Hetionet graph,3292,127130,97.475886,53.6452,66,2.921476306196841,9.396430459804781,0.0,0.0,0.0,2.5,178.0
graph_upregulated_gene_count_abs_difference,Hetionet graph,3292,127130,97.475886,54.191981,59,5.171628189550425,16.38768046811875,0.0,0.0,0.0,4.0,197.0
graph_downregulated_gene_count_mean,Hetionet graph,3292,127130,97.475886,49.696233,88,4.951245443499393,14.817772112292277,0.0,0.0,0.5,3.0,249.0
graph_downregulated_gene_count_abs_difference,Hetionet graph,3292,127130,97.475886,50.394897,73,8.827156743620899,26.068667079038843,0.0,0.0,0.0,6.0,250.0
graph_side_effect_count_mean,Hetionet graph,3292,127130,97.475886,32.442284,291,46.44714459295261,47.977560791049804,0.0,0.0,33.0,71.5,233.0
graph_side_effect_count_abs_difference,Hetionet graph,3292,127130,97.475886,32.503038,213,68.62029161603888,72.36201438359626,0.0,0.0,46.0,113.25,273.0
graph_pharmacologic_class_count_mean,Hetionet graph,3292,127130,97.475886,42.952612,10,0.48450789793438637,0.6264963619373293,0.0,0.0,0.5,0.5,4.5
graph_pharmacologic_class_count_abs_difference,Hetionet graph,3292,127130,97.475886,48.936817,7,0.7363304981773997,1.0326094354850752,0.0,0.0,1.0,1.0,6.0
graph_resemblance_neighbor_count_mean,Hetionet graph,3292,127130,97.475886,0.425273,39,3.862393681652491,3.225457285413483,0.0,1.0,3.0,5.5,22.0
graph_resemblance_neighbor_count_abs_difference,Hetionet graph,3292,127130,97.475886,20.443499,27,4.40097205346294,4.830041111679401,0.0,1.0,3.0,7.0,29.0
graph_graph_degree_mean,Hetionet graph,3292,127130,97.475886,0.0,396,64.06409477521264,65.14147000143508,1.0,2.0,47.0,105.0,543.0
graph_graph_degree_abs_difference,Hetionet graph,3292,127130,97.475886,16.130012,283,90.47569866342648,93.63390156509098,0.0,2.0,66.0,146.25,573.0
gene_intersection_count,Hetionet graph,3292,127130,97.475886,90.400972,25,0.40704738760631837,4.440106038020814,0.0,0.0,0.0,0.0,176.0
gene_union_count,Hetionet graph,3292,127130,97.475886,30.741191,160,24.689246658566223,50.49943544886237,0.0,0.0,9.0,27.0,733.0
gene_jaccard,Hetionet graph,3292,127130,97.475886,90.400972,177,0.005744607066554445,0.023970744767393855,0.0,0.0,0.0,0.0,0.3689727463312369
bound_gene_intersection_count,Hetionet graph,3292,127130,97.475886,91.555286,15,0.20959902794653706,0.9688833443135175,0.0,0.0,0.0,0.0,17.0
bound_gene_union_count,Hetionet graph,3292,127130,97.475886,30.741191,64,9.15370595382746,11.743229587241753,0.0,0.0,5.0,12.0,96.0
bound_gene_jaccard,Hetionet graph,3292,127130,97.475886,91.555286,92,0.010616725462295104,0.04554363806402083,0.0,0.0,0.0,0.0,0.7619047619047619
upregulated_gene_intersection_count,Hetionet graph,3292,127130,97.475886,98.845687,10,0.054981773997569865,1.2220808923125117,0.0,0.0,0.0,0.0,48.0
upregulated_gene_union_count,Hetionet graph,3292,127130,97.475886,53.6452,64,5.787970838396112,18.244515695856656,0.0,0.0,0.0,5.0,308.0
upregulated_gene_jaccard,Hetionet graph,3292,127130,97.475886,98.845687,36,0.0008574766341022672,0.011555015728265621,0.0,0.0,0.0,0.0,0.3333333333333333
downregulated_gene_intersection_count,Hetionet graph,3292,127130,97.475886,98.116646,16,0.12970838396111786,2.7296727821172944,0.0,0.0,0.0,0.0,115.0
downregulated_gene_union_count,Hetionet graph,3292,127130,97.475886,49.696233,82,9.772782503037668,28.510325557929082,0.0,0.0,1.0,6.0,405.0
downregulated_gene_jaccard,Hetionet graph,3292,127130,97.475886,98.116646,50,0.0012875653329770538,0.013951957507860943,0.0,0.0,0.0,0.0,0.40069686411149824
side_effect_intersection_count,Hetionet graph,3292,127130,97.475886,82.411908,80,5.245747266099635,13.872254250882659,0.0,0.0,0.0,0.0,120.0
side_effect_union_count,Hetionet graph,3292,127130,97.475886,32.442284,262,87.6485419198056,87.24238869722362,0.0,0.0,66.0,139.0,364.0
side_effect_jaccard,Hetionet graph,3292,127130,97.475886,82.411908,507,0.026603107073825603,0.06448432037835662,0.0,0.0,0.0,0.0,0.7142857142857143
treated_disease_intersection_count,Hetionet graph,3292,127130,97.475886,96.142163,3,0.041616038882138516,0.21441418687865907,0.0,0.0,0.0,0.0,2.0
treated_disease_union_count,Hetionet graph,3292,127130,97.475886,30.741191,11,1.3897326852976915,1.6090911734157098,0.0,0.0,1.0,2.0,10.0
treated_disease_jaccard,Hetionet graph,3292,127130,97.475886,96.142163,12,0.020963519064977145,0.12415341024451408,0.0,0.0,0.0,0.0,1.0
pharmacologic_class_intersection_count,Hetionet graph,3292,127130,97.475886,99.878493,3,0.0015188335358444715,0.046094527979674865,0.0,0.0,0.0,0.0,2.0
pharmacologic_class_union_count,Hetionet graph,3292,127130,97.475886,42.952612,10,0.9674969623329283,1.2472421323817182,0.0,0.0,1.0,1.0,9.0
pharmacologic_class_jaccard,Hetionet graph,3292,127130,97.475886,99.878493,5,0.0003645200486026731,0.011410032326326022,0.0,0.0,0.0,0.0,0.5
structure_available_count,PubChem structure + RDKit,130422,0,0.0,4.223981,3,1.6622655686923986,0.5551142767767892,0.0,1.0,2.0,2.0,2.0
both_structures_available,PubChem structure + RDKit,130422,0,0.0,29.549463,2,0.7045053748600696,0.45626653159080516,0.0,0.0,1.0,1.0,1.0
molecular_weight_mean,PubChem structure + RDKit,91883,38539,29.549463,0.0,82384,508.9692632587978,512.4211022970583,38.5095,310.91225,386.94900000000007,496.02525000000026,6971.528499999986
molecular_weight_abs_difference,PubChem structure + RDKit,91883,38539,29.549463,0.017413,83433,377.91358634709997,937.2104617400441,0.0,61.68750000000003,139.36000000000013,272.8775000000003,7112.026999999995
logp_mean,PubChem structure + RDKit,91883,38539,29.549463,0.0,84530,2.1854045693980364,3.0750734640738595,-41.224049999999565,1.4908750000000006,2.8124000000000025,3.830935000000002,17.263410000000004
logp_abs_difference,PubChem structure + RDKit,91883,38539,29.549463,0.014148,84854,3.3709542222173945,4.754708476499795,0.0,0.9088400000000008,1.976720000000002,3.647900000000007,54.232400000000055
tpsa_mean,PubChem structure + RDKit,91883,38539,29.549463,0.008707,38924,134.81754149298564,215.12247801128004,0.0,58.045,83.89500000000001,118.8475,3097.0050000000056
tpsa_abs_difference,PubChem structure + RDKit,91883,38539,29.549463,0.290587,40513,145.42900003265024,396.20197473211,0.0,20.16999999999998,44.15999999999998,88.22999999999999,3107.1200000000053
hbd_mean,PubChem structure + RDKit,91883,38539,29.549463,4.116104,149,3.6103250873393335,7.254990449749433,0.0,1.0,2.0,3.0,99.5
hbd_abs_difference,PubChem structure + RDKit,91883,38539,29.549463,19.626046,97,4.726521772253845,13.311728192681027,0.0,1.0,1.0,3.0,100.0
hba_mean,PubChem structure + RDKit,91883,38539,29.549463,0.011972,169,7.008113579225754,8.058056804206249,0.0,3.5,5.0,7.5,109.0
hba_abs_difference,PubChem structure + RDKit,91883,38539,29.549463,11.064071,120,6.326926634959677,14.648721373673117,0.0,1.0,3.0,5.0,198.0
rotatable_bonds_mean,PubChem structure + RDKit,91883,38539,29.549463,0.500637,276,8.426678493301264,14.128479169824947,0.0,3.5,5.0,7.5,182.5
rotatable_bonds_abs_difference,PubChem structure + RDKit,91883,38539,29.549463,8.399813,184,9.682041291642632,25.87010209342925,0.0,2.0,3.0,6.0,184.0
