row_id,compound_id,compound_name,disease_id,disease_name,label_source,label_semantics,compound_other_ctd_disease_count,compound_cpD_disease_count,compound_bound_gene_count,compound_upregulated_gene_count,compound_downregulated_gene_count,compound_side_effect_count,compound_pharmacologic_class_count,compound_resemblance_neighbor_count,compound_graph_degree,disease_other_ctd_compound_count,disease_cpD_compound_count,disease_graph_degree,has_compound_palliates_disease_edge,ctd_label
Compound::DB00120|Disease::DOID:784,Compound::DB00120,L-Phenylalanine,Disease::DOID:784,chronic kidney failure,Hetionet v1.0 filtered PolyMerge fragment,sampled_no_represented_CtD_edge,0,0,0,0,0,0,0,1,1,0,4,4,0,0
Compound::DB00168|Disease::DOID:1686,Compound::DB00168,Aspartame,Disease::DOID:1686,glaucoma,Hetionet v1.0 filtered PolyMerge fragment,sampled_no_represented_CtD_edge,0,0,0,0,0,0,0,6,6,3,0,3,0,0
Compound::DB00175|Disease::DOID:1936,Compound::DB00175,Pravastatin,Disease::DOID:1936,atherosclerosis,Hetionet v1.0 filtered PolyMerge fragment,represented_CtD_edge,1,0,19,4,1,184,0,2,212,5,0,6,0,1
Compound::DB00175|Disease::DOID:3393,Compound::DB00175,Pravastatin,Disease::DOID:3393,coronary artery disease,Hetionet v1.0 filtered PolyMerge fragment,represented_CtD_edge,1,0,19,4,1,184,0,2,212,27,3,31,0,1
Compound::DB00177|Disease::DOID:10763,Compound::DB00177,Valsartan,Disease::DOID:10763,hypertension,Hetionet v1.0 filtered PolyMerge fragment,represented_CtD_edge,2,0,5,4,3,110,1,6,132,67,0,68,0,1
Compound::DB00177|Disease::DOID:12930,Compound::DB00177,Valsartan,Disease::DOID:12930,dilated cardiomyopathy,Hetionet v1.0 filtered PolyMerge fragment,sampled_no_represented_CtD_edge,3,0,5,4,3,110,1,6,132,3,0,3,0,0
Compound::DB00177|Disease::DOID:3393,Compound::DB00177,Valsartan,Disease::DOID:3393,coronary artery disease,Hetionet v1.0 filtered PolyMerge fragment,represented_CtD_edge,2,0,5,4,3,110,1,6,132,27,3,31,0,1
Compound::DB00177|Disease::DOID:585,Compound::DB00177,Valsartan,Disease::DOID:585,nephrolithiasis,Hetionet v1.0 filtered PolyMerge fragment,sampled_no_represented_CtD_edge,3,0,5,4,3,110,1,6,132,1,0,1,0,0
Compound::DB00177|Disease::DOID:9352,Compound::DB00177,Valsartan,Disease::DOID:9352,type 2 diabetes mellitus,Hetionet v1.0 filtered PolyMerge fragment,represented_CtD_edge,2,0,5,4,3,110,1,6,132,21,0,22,0,1
Compound::DB00178|Disease::DOID:0050425,Compound::DB00178,Ramipril,Disease::DOID:0050425,restless legs syndrome,Hetionet v1.0 filtered PolyMerge fragment,sampled_no_represented_CtD_edge,4,0,4,0,0,206,0,13,227,0,1,1,0,0
Compound::DB00178|Disease::DOID:10763,Compound::DB00178,Ramipril,Disease::DOID:10763,hypertension,Hetionet v1.0 filtered PolyMerge fragment,represented_CtD_edge,3,0,4,0,0,206,0,13,227,67,0,68,0,1
Compound::DB00178|Disease::DOID:12930,Compound::DB00178,Ramipril,Disease::DOID:12930,dilated cardiomyopathy,Hetionet v1.0 filtered PolyMerge fragment,sampled_no_represented_CtD_edge,4,0,4,0,0,206,0,13,227,3,0,3,0,0
Compound::DB00178|Disease::DOID:3393,Compound::DB00178,Ramipril,Disease::DOID:3393,coronary artery disease,Hetionet v1.0 filtered PolyMerge fragment,represented_CtD_edge,3,0,4,0,0,206,0,13,227,27,3,31,0,1
Compound::DB00178|Disease::DOID:9744,Compound::DB00178,Ramipril,Disease::DOID:9744,type 1 diabetes mellitus,Hetionet v1.0 filtered PolyMerge fragment,represented_CtD_edge,3,0,4,0,0,206,0,13,227,0,0,1,0,1
Compound::DB00186|Disease::DOID:11119,Compound::DB00186,Lorazepam,Disease::DOID:11119,Gilles de la Tourette syndrome,Hetionet v1.0 filtered PolyMerge fragment,sampled_no_represented_CtD_edge,0,0,0,0,0,0,0,1,1,0,2,2,0,0
Compound::DB00186|Disease::DOID:784,Compound::DB00186,Lorazepam,Disease::DOID:784,chronic kidney failure,Hetionet v1.0 filtered PolyMerge fragment,sampled_no_represented_CtD_edge,0,0,0,0,0,0,0,1,1,0,4,4,0,0
Compound::DB00187|Disease::DOID:10763,Compound::DB00187,Esmolol,Disease::DOID:10763,hypertension,Hetionet v1.0 filtered PolyMerge fragment,represented_CtD_edge,0,0,2,5,13,118,0,16,155,67,0,68,0,1
Compound::DB00188|Disease::DOID:418,Compound::DB00188,Bortezomib,Disease::DOID:418,systemic scleroderma,Hetionet v1.0 filtered PolyMerge fragment,sampled_no_represented_CtD_edge,0,0,0,0,0,0,0,1,1,2,1,3,0,0
Compound::DB00188|Disease::DOID:9970,Compound::DB00188,Bortezomib,Disease::DOID:9970,obesity,Hetionet v1.0 filtered PolyMerge fragment,sampled_no_represented_CtD_edge,0,0,0,0,0,0,0,1,1,1,0,1,0,0
Compound::DB00190|Disease::DOID:14330,Compound::DB00190,Carbidopa,Disease::DOID:14330,Parkinson's disease,Hetionet v1.0 filtered PolyMerge fragment,sampled_no_represented_CtD_edge,0,0,0,0,0,0,0,1,1,0,1,1,0,0
Compound::DB00195|Disease::DOID:10763,Compound::DB00195,Betaxolol,Disease::DOID:10763,hypertension,Hetionet v1.0 filtered PolyMerge fragment,represented_CtD_edge,1,0,4,0,1,263,0,11,281,67,0,68,0,1
Compound::DB00195|Disease::DOID:1686,Compound::DB00195,Betaxolol,Disease::DOID:1686,glaucoma,Hetionet v1.0 filtered PolyMerge fragment,represented_CtD_edge,1,0,4,0,1,263,0,11,281,2,0,3,0,1
Compound::DB00195|Disease::DOID:8398,Compound::DB00195,Betaxolol,Disease::DOID:8398,osteoarthritis,Hetionet v1.0 filtered PolyMerge fragment,sampled_no_represented_CtD_edge,2,0,4,0,1,263,0,11,281,0,1,1,0,0
Compound::DB00204|Disease::DOID:784,Compound::DB00204,Dofetilide,Disease::DOID:784,chronic kidney failure,Hetionet v1.0 filtered PolyMerge fragment,sampled_no_represented_CtD_edge,0,0,0,0,0,0,0,1,1,0,4,4,0,0
Compound::DB00214|Disease::DOID:10763,Compound::DB00214,Torasemide,Disease::DOID:10763,hypertension,Hetionet v1.0 filtered PolyMerge fragment,represented_CtD_edge,0,1,5,2,6,58,1,0,74,67,0,68,0,1
Compound::DB00214|Disease::DOID:9352,Compound::DB00214,Torasemide,Disease::DOID:9352,type 2 diabetes mellitus,Hetionet v1.0 filtered PolyMerge fragment,sampled_no_represented_CtD_edge,1,1,5,2,6,58,1,0,74,22,0,22,0,0
Compound::DB00221|Disease::DOID:7148,Compound::DB00221,Isoetarine,Disease::DOID:7148,rheumatoid arthritis,Hetionet v1.0 filtered PolyMerge fragment,sampled_no_represented_CtD_edge,0,0,0,0,0,0,0,1,1,0,1,1,0,0
Compound::DB00222|Disease::DOID:9352,Compound::DB00222,Glimepiride,Disease::DOID:9352,type 2 diabetes mellitus,Hetionet v1.0 filtered PolyMerge fragment,represented_CtD_edge,0,0,4,0,0,126,1,7,139,21,0,22,0,1
Compound::DB00226|Disease::DOID:10763,Compound::DB00226,Guanadrel,Disease::DOID:10763,hypertension,Hetionet v1.0 filtered PolyMerge fragment,represented_CtD_edge,0,0,1,0,0,0,0,0,2,67,0,68,0,1
Compound::DB00226|Disease::DOID:12849,Compound::DB00226,Guanadrel,Disease::DOID:12849,autistic disorder,Hetionet v1.0 filtered PolyMerge fragment,sampled_no_represented_CtD_edge,1,0,1,0,0,0,0,0,2,0,1,1,0,0
Compound::DB00227|Disease::DOID:1936,Compound::DB00227,Lovastatin,Disease::DOID:1936,atherosclerosis,Hetionet v1.0 filtered PolyMerge fragment,represented_CtD_edge,1,0,19,58,152,121,0,2,354,5,0,6,0,1
Compound::DB00227|Disease::DOID:3393,Compound::DB00227,Lovastatin,Disease::DOID:3393,coronary artery disease,Hetionet v1.0 filtered PolyMerge fragment,represented_CtD_edge,1,0,19,58,152,121,0,2,354,27,3,31,0,1
Compound::DB00232|Disease::DOID:1094,Compound::DB00232,Methyclothiazide,Disease::DOID:1094,attention deficit hyperactivity disorder,Hetionet v1.0 filtered PolyMerge fragment,sampled_no_represented_CtD_edge,0,0,0,0,0,0,0,4,4,0,2,2,0,0
Compound::DB00233|Disease::DOID:12849,Compound::DB00233,Aminosalicylic Acid,Disease::DOID:12849,autistic disorder,Hetionet v1.0 filtered PolyMerge fragment,sampled_no_represented_CtD_edge,0,0,0,0,0,0,0,1,1,0,1,1,0,0
Compound::DB00233|Disease::DOID:1686,Compound::DB00233,Aminosalicylic Acid,Disease::DOID:1686,glaucoma,Hetionet v1.0 filtered PolyMerge fragment,sampled_no_represented_CtD_edge,0,0,0,0,0,0,0,1,1,3,0,3,0,0
Compound::DB00247|Disease::DOID:7148,Compound::DB00247,Methysergide,Disease::DOID:7148,rheumatoid arthritis,Hetionet v1.0 filtered PolyMerge fragment,sampled_no_represented_CtD_edge,0,0,0,0,0,0,0,1,1,0,1,1,0,0
Compound::DB00264|Disease::DOID:10763,Compound::DB00264,Metoprolol,Disease::DOID:10763,hypertension,Hetionet v1.0 filtered PolyMerge fragment,represented_CtD_edge,0,0,6,5,2,181,0,14,209,67,0,68,0,1
Compound::DB00264|Disease::DOID:14330,Compound::DB00264,Metoprolol,Disease::DOID:14330,Parkinson's disease,Hetionet v1.0 filtered PolyMerge fragment,sampled_no_represented_CtD_edge,1,0,6,5,2,181,0,14,209,0,1,1,0,0
Compound::DB00270|Disease::DOID:10763,Compound::DB00270,Isradipine,Disease::DOID:10763,hypertension,Hetionet v1.0 filtered PolyMerge fragment,represented_CtD_edge,0,0,8,1,5,106,2,9,132,67,0,68,0,1
Compound::DB00275|Disease::DOID:10763,Compound::DB00275,Olmesartan,Disease::DOID:10763,hypertension,Hetionet v1.0 filtered PolyMerge fragment,represented_CtD_edge,1,0,4,0,0,167,0,8,181,67,0,68,0,1
Compound::DB00275|Disease::DOID:11612,Compound::DB00275,Olmesartan,Disease::DOID:11612,polycystic ovary syndrome,Hetionet v1.0 filtered PolyMerge fragment,sampled_no_represented_CtD_edge,2,0,4,0,0,167,0,8,181,1,0,1,0,0
Compound::DB00275|Disease::DOID:3393,Compound::DB00275,Olmesartan,Disease::DOID:3393,coronary artery disease,Hetionet v1.0 filtered PolyMerge fragment,represented_CtD_edge,1,0,4,0,0,167,0,8,181,27,3,31,0,1
Compound::DB00289|Disease::DOID:585,Compound::DB00289,Atomoxetine,Disease::DOID:585,nephrolithiasis,Hetionet v1.0 filtered PolyMerge fragment,sampled_no_represented_CtD_edge,0,0,0,0,0,0,0,1,1,1,0,1,0,0
Compound::DB00310|Disease::DOID:10763,Compound::DB00310,Chlorthalidone,Disease::DOID:10763,hypertension,Hetionet v1.0 filtered PolyMerge fragment,represented_CtD_edge,0,0,10,3,2,65,1,8,90,67,0,68,0,1
Compound::DB00331|Disease::DOID:11612,Compound::DB00331,Metformin,Disease::DOID:11612,polycystic ovary syndrome,Hetionet v1.0 filtered PolyMerge fragment,represented_CtD_edge,2,0,56,8,22,139,1,0,229,0,0,1,0,1
Compound::DB00331|Disease::DOID:14221,Compound::DB00331,Metformin,Disease::DOID:14221,metabolic syndrome X,Hetionet v1.0 filtered PolyMerge fragment,represented_CtD_edge,2,0,56,8,22,139,1,0,229,0,0,1,0,1
Compound::DB00331|Disease::DOID:9352,Compound::DB00331,Metformin,Disease::DOID:9352,type 2 diabetes mellitus,Hetionet v1.0 filtered PolyMerge fragment,represented_CtD_edge,2,0,56,8,22,139,1,0,229,21,0,22,0,1
Compound::DB00335|Disease::DOID:6364,Compound::DB00335,Atenolol,Disease::DOID:6364,migraine,Hetionet v1.0 filtered PolyMerge fragment,sampled_no_represented_CtD_edge,0,0,0,0,0,0,0,6,6,3,1,4,0,0
Compound::DB00350|Disease::DOID:10763,Compound::DB00350,Minoxidil,Disease::DOID:10763,hypertension,Hetionet v1.0 filtered PolyMerge fragment,represented_CtD_edge,0,0,4,2,0,0,1,0,8,67,0,68,0,1
Compound::DB00368|Disease::DOID:10763,Compound::DB00368,Norepinephrine,Disease::DOID:10763,hypertension,Hetionet v1.0 filtered PolyMerge fragment,sampled_no_represented_CtD_edge,0,0,0,0,0,0,0,1,1,68,0,68,0,0
Compound::DB00373|Disease::DOID:10763,Compound::DB00373,Timolol,Disease::DOID:10763,hypertension,Hetionet v1.0 filtered PolyMerge fragment,represented_CtD_edge,3,0,6,3,3,218,0,3,237,67,0,68,0,1
Compound::DB00373|Disease::DOID:1094,Compound::DB00373,Timolol,Disease::DOID:1094,attention deficit hyperactivity disorder,Hetionet v1.0 filtered PolyMerge fragment,sampled_no_represented_CtD_edge,4,0,6,3,3,218,0,3,237,0,2,2,0,0
Compound::DB00373|Disease::DOID:1686,Compound::DB00373,Timolol,Disease::DOID:1686,glaucoma,Hetionet v1.0 filtered PolyMerge fragment,represented_CtD_edge,3,0,6,3,3,218,0,3,237,2,0,3,0,1
Compound::DB00373|Disease::DOID:6364,Compound::DB00373,Timolol,Disease::DOID:6364,migraine,Hetionet v1.0 filtered PolyMerge fragment,represented_CtD_edge,3,0,6,3,3,218,0,3,237,2,1,4,0,1
Compound::DB00374|Disease::DOID:784,Compound::DB00374,Treprostinil,Disease::DOID:784,chronic kidney failure,Hetionet v1.0 filtered PolyMerge fragment,sampled_no_represented_CtD_edge,0,0,0,0,0,0,0,1,1,0,4,4,0,0
Compound::DB00378|Disease::DOID:14330,Compound::DB00378,Dydrogesterone,Disease::DOID:14330,Parkinson's disease,Hetionet v1.0 filtered PolyMerge fragment,sampled_no_represented_CtD_edge,0,0,0,0,0,0,0,1,1,0,1,1,0,0
Compound::DB00381|Disease::DOID:10763,Compound::DB00381,Amlodipine,Disease::DOID:10763,hypertension,Hetionet v1.0 filtered PolyMerge fragment,represented_CtD_edge,0,1,21,60,32,155,2,9,281,67,0,68,0,1
Compound::DB00384|Disease::DOID:10763,Compound::DB00384,Triamterene,Disease::DOID:10763,hypertension,Hetionet v1.0 filtered PolyMerge fragment,represented_CtD_edge,0,0,5,1,4,28,2,1,42,67,0,68,0,1
Compound::DB00384|Disease::DOID:1936,Compound::DB00384,Triamterene,Disease::DOID:1936,atherosclerosis,Hetionet v1.0 filtered PolyMerge fragment,sampled_no_represented_CtD_edge,1,0,5,1,4,28,2,1,42,6,0,6,0,0
Compound::DB00391|Disease::DOID:11612,Compound::DB00391,Sulpiride,Disease::DOID:11612,polycystic ovary syndrome,Hetionet v1.0 filtered PolyMerge fragment,sampled_no_represented_CtD_edge,0,0,0,0,0,0,0,1,1,1,0,1,0,0
Compound::DB00396|Disease::DOID:13378,Compound::DB00396,Progesterone,Disease::DOID:13378,Kawasaki disease,Hetionet v1.0 filtered PolyMerge fragment,sampled_no_represented_CtD_edge,0,0,0,0,0,0,0,2,2,1,0,1,0,0
Compound::DB00401|Disease::DOID:0050425,Compound::DB00401,Nisoldipine,Disease::DOID:0050425,restless legs syndrome,Hetionet v1.0 filtered PolyMerge fragment,sampled_no_represented_CtD_edge,1,0,11,9,9,155,3,10,198,0,1,1,0,0
Compound::DB00401|Disease::DOID:12930,Compound::DB00401,Nisoldipine,Disease::DOID:12930,dilated cardiomyopathy,Hetionet v1.0 filtered PolyMerge fragment,sampled_no_represented_CtD_edge,1,0,11,9,9,155,3,10,198,3,0,3,0,0
Compound::DB00421|Disease::DOID:10763,Compound::DB00421,Spironolactone,Disease::DOID:10763,hypertension,Hetionet v1.0 filtered PolyMerge fragment,represented_CtD_edge,1,0,11,3,4,56,1,17,94,67,0,68,0,1
Compound::DB00421|Disease::DOID:12930,Compound::DB00421,Spironolactone,Disease::DOID:12930,dilated cardiomyopathy,Hetionet v1.0 filtered PolyMerge fragment,represented_CtD_edge,1,0,11,3,4,56,1,17,94,2,0,3,0,1
Compound::DB00421|Disease::DOID:14221,Compound::DB00421,Spironolactone,Disease::DOID:14221,metabolic syndrome X,Hetionet v1.0 filtered PolyMerge fragment,sampled_no_represented_CtD_edge,2,0,11,3,4,56,1,17,94,1,0,1,0,0
Compound::DB00436|Disease::DOID:10763,Compound::DB00436,Bendroflumethiazide,Disease::DOID:10763,hypertension,Hetionet v1.0 filtered PolyMerge fragment,represented_CtD_edge,0,0,6,1,2,34,2,6,52,67,0,68,0,1
Compound::DB00457|Disease::DOID:10763,Compound::DB00457,Prazosin,Disease::DOID:10763,hypertension,Hetionet v1.0 filtered PolyMerge fragment,represented_CtD_edge,0,0,18,1,1,66,0,3,90,67,0,68,0,1
Compound::DB00457|Disease::DOID:11714,Compound::DB00457,Prazosin,Disease::DOID:11714,gestational diabetes,Hetionet v1.0 filtered PolyMerge fragment,sampled_no_represented_CtD_edge,1,0,18,1,1,66,0,3,90,1,0,1,0,0
Compound::DB00476|Disease::DOID:11119,Compound::DB00476,Duloxetine,Disease::DOID:11119,Gilles de la Tourette syndrome,Hetionet v1.0 filtered PolyMerge fragment,sampled_no_represented_CtD_edge,0,0,0,0,0,0,0,1,1,0,2,2,0,0
Compound::DB00476|Disease::DOID:3393,Compound::DB00476,Duloxetine,Disease::DOID:3393,coronary artery disease,Hetionet v1.0 filtered PolyMerge fragment,sampled_no_represented_CtD_edge,0,0,0,0,0,0,0,1,1,28,3,31,0,0
Compound::DB00477|Disease::DOID:11119,Compound::DB00477,Chlorpromazine,Disease::DOID:11119,Gilles de la Tourette syndrome,Hetionet v1.0 filtered PolyMerge fragment,sampled_no_represented_CtD_edge,0,0,0,0,0,0,0,1,1,0,2,2,0,0
Compound::DB00479|Disease::DOID:11714,Compound::DB00479,Amikacin,Disease::DOID:11714,gestational diabetes,Hetionet v1.0 filtered PolyMerge fragment,sampled_no_represented_CtD_edge,0,0,0,0,0,0,0,1,1,1,0,1,0,0
Compound::DB00479|Disease::DOID:13378,Compound::DB00479,Amikacin,Disease::DOID:13378,Kawasaki disease,Hetionet v1.0 filtered PolyMerge fragment,sampled_no_represented_CtD_edge,0,0,0,0,0,0,0,1,1,1,0,1,0,0
Compound::DB00479|Disease::DOID:8398,Compound::DB00479,Amikacin,Disease::DOID:8398,osteoarthritis,Hetionet v1.0 filtered PolyMerge fragment,sampled_no_represented_CtD_edge,0,0,0,0,0,0,0,1,1,0,1,1,0,0
Compound::DB00484|Disease::DOID:12849,Compound::DB00484,Brimonidine,Disease::DOID:12849,autistic disorder,Hetionet v1.0 filtered PolyMerge fragment,sampled_no_represented_CtD_edge,0,0,0,0,0,0,0,1,1,0,1,1,0,0
Compound::DB00484|Disease::DOID:12930,Compound::DB00484,Brimonidine,Disease::DOID:12930,dilated cardiomyopathy,Hetionet v1.0 filtered PolyMerge fragment,sampled_no_represented_CtD_edge,0,0,0,0,0,0,0,1,1,3,0,3,0,0
Compound::DB00484|Disease::DOID:14221,Compound::DB00484,Brimonidine,Disease::DOID:14221,metabolic syndrome X,Hetionet v1.0 filtered PolyMerge fragment,sampled_no_represented_CtD_edge,0,0,0,0,0,0,0,1,1,1,0,1,0,0
Compound::DB00491|Disease::DOID:13378,Compound::DB00491,Miglitol,Disease::DOID:13378,Kawasaki disease,Hetionet v1.0 filtered PolyMerge fragment,sampled_no_represented_CtD_edge,1,0,5,0,0,23,1,1,31,1,0,1,0,0
Compound::DB00491|Disease::DOID:9352,Compound::DB00491,Miglitol,Disease::DOID:9352,type 2 diabetes mellitus,Hetionet v1.0 filtered PolyMerge fragment,represented_CtD_edge,0,0,5,0,0,23,1,1,31,21,0,22,0,1
Compound::DB00492|Disease::DOID:10763,Compound::DB00492,Fosinopril,Disease::DOID:10763,hypertension,Hetionet v1.0 filtered PolyMerge fragment,represented_CtD_edge,0,0,3,1,0,264,0,7,276,67,0,68,0,1
Compound::DB00507|Disease::DOID:11714,Compound::DB00507,Nitazoxanide,Disease::DOID:11714,gestational diabetes,Hetionet v1.0 filtered PolyMerge fragment,sampled_no_represented_CtD_edge,0,0,0,0,0,0,0,1,1,1,0,1,0,0
Compound::DB00519|Disease::DOID:10763,Compound::DB00519,Trandolapril,Disease::DOID:10763,hypertension,Hetionet v1.0 filtered PolyMerge fragment,represented_CtD_edge,1,0,4,0,0,198,0,13,217,67,0,68,0,1
Compound::DB00519|Disease::DOID:3393,Compound::DB00519,Trandolapril,Disease::DOID:3393,coronary artery disease,Hetionet v1.0 filtered PolyMerge fragment,represented_CtD_edge,1,0,4,0,0,198,0,13,217,27,3,31,0,1
Compound::DB00524|Disease::DOID:10763,Compound::DB00524,Metolazone,Disease::DOID:10763,hypertension,Hetionet v1.0 filtered PolyMerge fragment,represented_CtD_edge,0,0,7,0,1,111,1,6,127,67,0,68,0,1
Compound::DB00542|Disease::DOID:10763,Compound::DB00542,Benazepril,Disease::DOID:10763,hypertension,Hetionet v1.0 filtered PolyMerge fragment,represented_CtD_edge,0,0,4,0,1,101,1,17,125,67,0,68,0,1
Compound::DB00562|Disease::DOID:13189,Compound::DB00562,Benzthiazide,Disease::DOID:13189,gout,Hetionet v1.0 filtered PolyMerge fragment,sampled_no_represented_CtD_edge,0,0,0,0,0,0,0,5,5,0,1,1,0,0
Compound::DB00562|Disease::DOID:9970,Compound::DB00562,Benzthiazide,Disease::DOID:9970,obesity,Hetionet v1.0 filtered PolyMerge fragment,sampled_no_represented_CtD_edge,0,0,0,0,0,0,0,5,5,1,0,1,0,0
Compound::DB00571|Disease::DOID:10763,Compound::DB00571,Propranolol,Disease::DOID:10763,hypertension,Hetionet v1.0 filtered PolyMerge fragment,represented_CtD_edge,1,0,16,1,2,112,0,29,162,67,0,68,0,1
Compound::DB00571|Disease::DOID:6364,Compound::DB00571,Propranolol,Disease::DOID:6364,migraine,Hetionet v1.0 filtered PolyMerge fragment,represented_CtD_edge,1,0,16,1,2,112,0,29,162,2,1,4,0,1
Compound::DB00575|Disease::DOID:10763,Compound::DB00575,Clonidine,Disease::DOID:10763,hypertension,Hetionet v1.0 filtered PolyMerge fragment,represented_CtD_edge,1,4,18,2,12,186,1,5,230,67,0,68,0,1
Compound::DB00575|Disease::DOID:11612,Compound::DB00575,Clonidine,Disease::DOID:11612,polycystic ovary syndrome,Hetionet v1.0 filtered PolyMerge fragment,sampled_no_represented_CtD_edge,2,4,18,2,12,186,1,5,230,1,0,1,0,0
Compound::DB00575|Disease::DOID:1686,Compound::DB00575,Clonidine,Disease::DOID:1686,glaucoma,Hetionet v1.0 filtered PolyMerge fragment,represented_CtD_edge,1,4,18,2,12,186,1,5,230,2,0,3,0,1
Compound::DB00579|Disease::DOID:11612,Compound::DB00579,Mazindol,Disease::DOID:11612,polycystic ovary syndrome,Hetionet v1.0 filtered PolyMerge fragment,sampled_no_represented_CtD_edge,0,0,0,0,0,0,0,1,1,1,0,1,0,0
Compound::DB00584|Disease::DOID:10763,Compound::DB00584,Enalapril,Disease::DOID:10763,hypertension,Hetionet v1.0 filtered PolyMerge fragment,represented_CtD_edge,1,0,8,7,28,200,1,13,259,67,0,68,0,1
Compound::DB00584|Disease::DOID:12849,Compound::DB00584,Enalapril,Disease::DOID:12849,autistic disorder,Hetionet v1.0 filtered PolyMerge fragment,sampled_no_represented_CtD_edge,2,0,8,7,28,200,1,13,259,0,1,1,0,0
Compound::DB00584|Disease::DOID:3393,Compound::DB00584,Enalapril,Disease::DOID:3393,coronary artery disease,Hetionet v1.0 filtered PolyMerge fragment,represented_CtD_edge,1,0,8,7,28,200,1,13,259,27,3,31,0,1
Compound::DB00590|Disease::DOID:8398,Compound::DB00590,Doxazosin,Disease::DOID:8398,osteoarthritis,Hetionet v1.0 filtered PolyMerge fragment,sampled_no_represented_CtD_edge,1,0,11,1,0,256,0,4,273,0,1,1,0,0
Compound::DB00590|Disease::DOID:9970,Compound::DB00590,Doxazosin,Disease::DOID:9970,obesity,Hetionet v1.0 filtered PolyMerge fragment,sampled_no_represented_CtD_edge,1,0,11,1,0,256,0,4,273,1,0,1,0,0
Compound::DB00594|Disease::DOID:10763,Compound::DB00594,Amiloride,Disease::DOID:10763,hypertension,Hetionet v1.0 filtered PolyMerge fragment,represented_CtD_edge,0,0,12,0,0,90,2,0,105,67,0,68,0,1
Compound::DB00594|Disease::DOID:784,Compound::DB00594,Amiloride,Disease::DOID:784,chronic kidney failure,Hetionet v1.0 filtered PolyMerge fragment,sampled_no_represented_CtD_edge,1,0,12,0,0,90,2,0,105,0,4,4,0,0
Compound::DB00598|Disease::DOID:12930,Compound::DB00598,Labetalol,Disease::DOID:12930,dilated cardiomyopathy,Hetionet v1.0 filtered PolyMerge fragment,sampled_no_represented_CtD_edge,1,0,4,0,0,133,0,23,161,3,0,3,0,0
Compound::DB00603|Disease::DOID:11714,Compound::DB00603,Medroxyprogesterone Acetate,Disease::DOID:11714,gestational diabetes,Hetionet v1.0 filtered PolyMerge fragment,sampled_no_represented_CtD_edge,0,0,0,0,0,0,0,2,2,1,0,1,0,0
Compound::DB00606|Disease::DOID:418,Compound::DB00606,Cyclothiazide,Disease::DOID:418,systemic scleroderma,Hetionet v1.0 filtered PolyMerge fragment,sampled_no_represented_CtD_edge,0,0,0,0,0,0,0,4,4,2,1,3,0,0
Compound::DB00621|Disease::DOID:14221,Compound::DB00621,Oxandrolone,Disease::DOID:14221,metabolic syndrome X,Hetionet v1.0 filtered PolyMerge fragment,sampled_no_represented_CtD_edge,0,0,0,0,0,0,0,1,1,1,0,1,0,0
Compound::DB00622|Disease::DOID:13189,Compound::DB00622,Nicardipine,Disease::DOID:13189,gout,Hetionet v1.0 filtered PolyMerge fragment,sampled_no_represented_CtD_edge,1,0,26,5,4,108,2,10,156,0,1,1,0,0
Compound::DB00624|Disease::DOID:0050425,Compound::DB00624,Testosterone,Disease::DOID:0050425,restless legs syndrome,Hetionet v1.0 filtered PolyMerge fragment,sampled_no_represented_CtD_edge,0,0,0,0,0,0,0,2,2,0,1,1,0,0
Compound::DB00627|Disease::DOID:1936,Compound::DB00627,Niacin,Disease::DOID:1936,atherosclerosis,Hetionet v1.0 filtered PolyMerge fragment,represented_CtD_edge,1,0,10,2,3,177,1,2,197,5,0,6,0,1
Compound::DB00627|Disease::DOID:3393,Compound::DB00627,Niacin,Disease::DOID:3393,coronary artery disease,Hetionet v1.0 filtered PolyMerge fragment,represented_CtD_edge,1,0,10,2,3,177,1,2,197,27,3,31,0,1
Compound::DB00629|Disease::DOID:10763,Compound::DB00629,Guanabenz,Disease::DOID:10763,hypertension,Hetionet v1.0 filtered PolyMerge fragment,represented_CtD_edge,0,0,5,4,3,181,1,1,196,67,0,68,0,1
Compound::DB00634|Disease::DOID:11612,Compound::DB00634,Sulfacetamide,Disease::DOID:11612,polycystic ovary syndrome,Hetionet v1.0 filtered PolyMerge fragment,sampled_no_represented_CtD_edge,0,0,0,0,0,0,0,4,4,1,0,1,0,0
Compound::DB00641|Disease::DOID:1936,Compound::DB00641,Simvastatin,Disease::DOID:1936,atherosclerosis,Hetionet v1.0 filtered PolyMerge fragment,represented_CtD_edge,1,0,18,159,250,143,0,2,574,5,0,6,0,1
Compound::DB00641|Disease::DOID:3393,Compound::DB00641,Simvastatin,Disease::DOID:3393,coronary artery disease,Hetionet v1.0 filtered PolyMerge fragment,represented_CtD_edge,1,0,18,159,250,143,0,2,574,27,3,31,0,1
Compound::DB00661|Disease::DOID:10763,Compound::DB00661,Verapamil,Disease::DOID:10763,hypertension,Hetionet v1.0 filtered PolyMerge fragment,represented_CtD_edge,1,0,41,6,1,138,1,4,193,67,0,68,0,1
Compound::DB00662|Disease::DOID:10763,Compound::DB00662,Trimethobenzamide,Disease::DOID:10763,hypertension,Hetionet v1.0 filtered PolyMerge fragment,sampled_no_represented_CtD_edge,0,0,0,0,0,0,0,1,1,68,0,68,0,0
Compound::DB00668|Disease::DOID:12849,Compound::DB00668,Epinephrine,Disease::DOID:12849,autistic disorder,Hetionet v1.0 filtered PolyMerge fragment,sampled_no_represented_CtD_edge,0,0,0,0,0,0,0,1,1,0,1,1,0,0
Compound::DB00668|Disease::DOID:9970,Compound::DB00668,Epinephrine,Disease::DOID:9970,obesity,Hetionet v1.0 filtered PolyMerge fragment,sampled_no_represented_CtD_edge,0,0,0,0,0,0,0,1,1,1,0,1,0,0
Compound::DB00672|Disease::DOID:3393,Compound::DB00672,Chlorpropamide,Disease::DOID:3393,coronary artery disease,Hetionet v1.0 filtered PolyMerge fragment,sampled_no_represented_CtD_edge,1,0,9,0,0,38,1,10,59,28,3,31,0,0
Compound::DB00672|Disease::DOID:9352,Compound::DB00672,Chlorpropamide,Disease::DOID:9352,type 2 diabetes mellitus,Hetionet v1.0 filtered PolyMerge fragment,represented_CtD_edge,0,0,9,0,0,38,1,10,59,21,0,22,0,1
Compound::DB00676|Disease::DOID:7148,Compound::DB00676,Benzyl Benzoate,Disease::DOID:7148,rheumatoid arthritis,Hetionet v1.0 filtered PolyMerge fragment,sampled_no_represented_CtD_edge,0,0,0,0,0,0,0,2,2,0,1,1,0,0
Compound::DB00676|Disease::DOID:784,Compound::DB00676,Benzyl Benzoate,Disease::DOID:784,chronic kidney failure,Hetionet v1.0 filtered PolyMerge fragment,sampled_no_represented_CtD_edge,0,0,0,0,0,0,0,2,2,0,4,4,0,0
Compound::DB00678|Disease::DOID:10763,Compound::DB00678,Losartan,Disease::DOID:10763,hypertension,Hetionet v1.0 filtered PolyMerge fragment,represented_CtD_edge,2,0,20,5,2,187,1,9,227,67,0,68,0,1
Compound::DB00678|Disease::DOID:11119,Compound::DB00678,Losartan,Disease::DOID:11119,Gilles de la Tourette syndrome,Hetionet v1.0 filtered PolyMerge fragment,sampled_no_represented_CtD_edge,3,0,20,5,2,187,1,9,227,0,2,2,0,0
Compound::DB00678|Disease::DOID:3393,Compound::DB00678,Losartan,Disease::DOID:3393,coronary artery disease,Hetionet v1.0 filtered PolyMerge fragment,represented_CtD_edge,2,0,20,5,2,187,1,9,227,27,3,31,0,1
Compound::DB00678|Disease::DOID:9352,Compound::DB00678,Losartan,Disease::DOID:9352,type 2 diabetes mellitus,Hetionet v1.0 filtered PolyMerge fragment,represented_CtD_edge,2,0,20,5,2,187,1,9,227,21,0,22,0,1
Compound::DB00687|Disease::DOID:13378,Compound::DB00687,Fludrocortisone,Disease::DOID:13378,Kawasaki disease,Hetionet v1.0 filtered PolyMerge fragment,sampled_no_represented_CtD_edge,0,0,0,0,0,0,0,2,2,1,0,1,0,0
Compound::DB00687|Disease::DOID:9744,Compound::DB00687,Fludrocortisone,Disease::DOID:9744,type 1 diabetes mellitus,Hetionet v1.0 filtered PolyMerge fragment,sampled_no_represented_CtD_edge,0,0,0,0,0,0,0,2,2,1,0,1,0,0
Compound::DB00691|Disease::DOID:10763,Compound::DB00691,Moexipril,Disease::DOID:10763,hypertension,Hetionet v1.0 filtered PolyMerge fragment,represented_CtD_edge,0,0,4,0,1,0,0,10,16,67,0,68,0,1
Compound::DB00691|Disease::DOID:14330,Compound::DB00691,Moexipril,Disease::DOID:14330,Parkinson's disease,Hetionet v1.0 filtered PolyMerge fragment,sampled_no_represented_CtD_edge,1,0,4,0,1,0,0,10,16,0,1,1,0,0
Compound::DB00695|Disease::DOID:10763,Compound::DB00695,Furosemide,Disease::DOID:10763,hypertension,Hetionet v1.0 filtered PolyMerge fragment,represented_CtD_edge,2,1,19,0,0,171,1,2,197,67,0,68,0,1
Compound::DB00695|Disease::DOID:3393,Compound::DB00695,Furosemide,Disease::DOID:3393,coronary artery disease,Hetionet v1.0 filtered PolyMerge fragment,represented_CtD_edge,2,1,19,0,0,171,1,2,197,27,3,31,0,1
Compound::DB00696|Disease::DOID:12849,Compound::DB00696,Ergotamine,Disease::DOID:12849,autistic disorder,Hetionet v1.0 filtered PolyMerge fragment,sampled_no_represented_CtD_edge,0,0,0,0,0,0,0,1,1,0,1,1,0,0
Compound::DB00696|Disease::DOID:8398,Compound::DB00696,Ergotamine,Disease::DOID:8398,osteoarthritis,Hetionet v1.0 filtered PolyMerge fragment,sampled_no_represented_CtD_edge,0,0,0,0,0,0,0,1,1,0,1,1,0,0
Compound::DB00696|Disease::DOID:9074,Compound::DB00696,Ergotamine,Disease::DOID:9074,systemic lupus erythematosus,Hetionet v1.0 filtered PolyMerge fragment,sampled_no_represented_CtD_edge,0,0,0,0,0,0,0,1,1,0,1,1,0,0
Compound::DB00697|Disease::DOID:9970,Compound::DB00697,Tizanidine,Disease::DOID:9970,obesity,Hetionet v1.0 filtered PolyMerge fragment,sampled_no_represented_CtD_edge,0,0,0,0,0,0,0,1,1,1,0,1,0,0
Compound::DB00700|Disease::DOID:10763,Compound::DB00700,Eplerenone,Disease::DOID:10763,hypertension,Hetionet v1.0 filtered PolyMerge fragment,represented_CtD_edge,1,0,6,0,5,134,1,12,160,67,0,68,0,1
Compound::DB00700|Disease::DOID:3393,Compound::DB00700,Eplerenone,Disease::DOID:3393,coronary artery disease,Hetionet v1.0 filtered PolyMerge fragment,represented_CtD_edge,1,0,6,0,5,134,1,12,160,27,3,31,0,1
Compound::DB00700|Disease::DOID:585,Compound::DB00700,Eplerenone,Disease::DOID:585,nephrolithiasis,Hetionet v1.0 filtered PolyMerge fragment,sampled_no_represented_CtD_edge,2,0,6,0,5,134,1,12,160,1,0,1,0,0
Compound::DB00712|Disease::DOID:3393,Compound::DB00712,Flurbiprofen,Disease::DOID:3393,coronary artery disease,Hetionet v1.0 filtered PolyMerge fragment,sampled_no_represented_CtD_edge,0,0,0,0,0,0,0,1,1,28,3,31,0,0
Compound::DB00712|Disease::DOID:9970,Compound::DB00712,Flurbiprofen,Disease::DOID:9970,obesity,Hetionet v1.0 filtered PolyMerge fragment,sampled_no_represented_CtD_edge,0,0,0,0,0,0,0,1,1,1,0,1,0,0
Compound::DB00722|Disease::DOID:10763,Compound::DB00722,Lisinopril,Disease::DOID:10763,hypertension,Hetionet v1.0 filtered PolyMerge fragment,represented_CtD_edge,3,0,4,0,1,263,0,12,284,67,0,68,0,1
Compound::DB00722|Disease::DOID:12930,Compound::DB00722,Lisinopril,Disease::DOID:12930,dilated cardiomyopathy,Hetionet v1.0 filtered PolyMerge fragment,represented_CtD_edge,3,0,4,0,1,263,0,12,284,2,0,3,0,1
Compound::DB00722|Disease::DOID:3393,Compound::DB00722,Lisinopril,Disease::DOID:3393,coronary artery disease,Hetionet v1.0 filtered PolyMerge fragment,represented_CtD_edge,3,0,4,0,1,263,0,12,284,27,3,31,0,1
Compound::DB00722|Disease::DOID:418,Compound::DB00722,Lisinopril,Disease::DOID:418,systemic scleroderma,Hetionet v1.0 filtered PolyMerge fragment,represented_CtD_edge,3,0,4,0,1,263,0,12,284,1,1,3,0,1
Compound::DB00726|Disease::DOID:12849,Compound::DB00726,Trimipramine,Disease::DOID:12849,autistic disorder,Hetionet v1.0 filtered PolyMerge fragment,sampled_no_represented_CtD_edge,0,0,0,0,0,0,0,1,1,0,1,1,0,0
Compound::DB00731|Disease::DOID:585,Compound::DB00731,Nateglinide,Disease::DOID:585,nephrolithiasis,Hetionet v1.0 filtered PolyMerge fragment,sampled_no_represented_CtD_edge,1,0,18,0,0,46,1,15,81,1,0,1,0,0
Compound::DB00731|Disease::DOID:9352,Compound::DB00731,Nateglinide,Disease::DOID:9352,type 2 diabetes mellitus,Hetionet v1.0 filtered PolyMerge fragment,represented_CtD_edge,0,0,18,0,0,46,1,15,81,21,0,22,0,1
Compound::DB00758|Disease::DOID:11612,Compound::DB00758,Clopidogrel,Disease::DOID:11612,polycystic ovary syndrome,Hetionet v1.0 filtered PolyMerge fragment,sampled_no_represented_CtD_edge,1,0,10,45,55,238,2,2,353,1,0,1,0,0
Compound::DB00758|Disease::DOID:3393,Compound::DB00758,Clopidogrel,Disease::DOID:3393,coronary artery disease,Hetionet v1.0 filtered PolyMerge fragment,represented_CtD_edge,0,0,10,45,55,238,2,2,353,27,3,31,0,1
Compound::DB00758|Disease::DOID:9744,Compound::DB00758,Clopidogrel,Disease::DOID:9744,type 1 diabetes mellitus,Hetionet v1.0 filtered PolyMerge fragment,sampled_no_represented_CtD_edge,1,0,10,45,55,238,2,2,353,1,0,1,0,0
Compound::DB00765|Disease::DOID:9352,Compound::DB00765,Metyrosine,Disease::DOID:9352,type 2 diabetes mellitus,Hetionet v1.0 filtered PolyMerge fragment,sampled_no_represented_CtD_edge,0,0,0,0,0,0,0,1,1,22,0,22,0,0
Compound::DB00775|Disease::DOID:12930,Compound::DB00775,Tirofiban,Disease::DOID:12930,dilated cardiomyopathy,Hetionet v1.0 filtered PolyMerge fragment,sampled_no_represented_CtD_edge,1,0,2,0,0,33,1,0,37,3,0,3,0,0
Compound::DB00776|Disease::DOID:9352,Compound::DB00776,Oxcarbazepine,Disease::DOID:9352,type 2 diabetes mellitus,Hetionet v1.0 filtered PolyMerge fragment,sampled_no_represented_CtD_edge,0,0,0,0,0,0,0,1,1,22,0,22,0,0
Compound::DB00790|Disease::DOID:10763,Compound::DB00790,Perindopril,Disease::DOID:10763,hypertension,Hetionet v1.0 filtered PolyMerge fragment,represented_CtD_edge,1,0,5,4,2,239,0,7,259,67,0,68,0,1
Compound::DB00790|Disease::DOID:14221,Compound::DB00790,Perindopril,Disease::DOID:14221,metabolic syndrome X,Hetionet v1.0 filtered PolyMerge fragment,sampled_no_represented_CtD_edge,2,0,5,4,2,239,0,7,259,1,0,1,0,0
Compound::DB00790|Disease::DOID:3393,Compound::DB00790,Perindopril,Disease::DOID:3393,coronary artery disease,Hetionet v1.0 filtered PolyMerge fragment,represented_CtD_edge,1,0,5,4,2,239,0,7,259,27,3,31,0,1
Compound::DB00792|Disease::DOID:12849,Compound::DB00792,Tripelennamine,Disease::DOID:12849,autistic disorder,Hetionet v1.0 filtered PolyMerge fragment,sampled_no_represented_CtD_edge,0,0,0,0,0,0,0,2,2,0,1,1,0,0
Compound::DB00792|Disease::DOID:7148,Compound::DB00792,Tripelennamine,Disease::DOID:7148,rheumatoid arthritis,Hetionet v1.0 filtered PolyMerge fragment,sampled_no_represented_CtD_edge,0,0,0,0,0,0,0,2,2,0,1,1,0,0
Compound::DB00796|Disease::DOID:10763,Compound::DB00796,Candesartan,Disease::DOID:10763,hypertension,Hetionet v1.0 filtered PolyMerge fragment,represented_CtD_edge,0,0,6,8,8,83,0,10,116,67,0,68,0,1
Compound::DB00800|Disease::DOID:10763,Compound::DB00800,Fenoldopam,Disease::DOID:10763,hypertension,Hetionet v1.0 filtered PolyMerge fragment,represented_CtD_edge,0,0,9,2,1,47,0,0,60,67,0,68,0,1
Compound::DB00800|Disease::DOID:7148,Compound::DB00800,Fenoldopam,Disease::DOID:7148,rheumatoid arthritis,Hetionet v1.0 filtered PolyMerge fragment,sampled_no_represented_CtD_edge,1,0,9,2,1,47,0,0,60,0,1,1,0,0
Compound::DB00808|Disease::DOID:10763,Compound::DB00808,Indapamide,Disease::DOID:10763,hypertension,Hetionet v1.0 filtered PolyMerge fragment,represented_CtD_edge,0,0,11,0,0,243,1,5,261,67,0,68,0,1
Compound::DB00808|Disease::DOID:784,Compound::DB00808,Indapamide,Disease::DOID:784,chronic kidney failure,Hetionet v1.0 filtered PolyMerge fragment,sampled_no_represented_CtD_edge,1,0,11,0,0,243,1,5,261,0,4,4,0,0
Compound::DB00839|Disease::DOID:10763,Compound::DB00839,Tolazamide,Disease::DOID:10763,hypertension,Hetionet v1.0 filtered PolyMerge fragment,sampled_no_represented_CtD_edge,1,0,3,2,4,38,1,7,56,68,0,68,0,0
Compound::DB00841|Disease::DOID:1936,Compound::DB00841,Dobutamine,Disease::DOID:1936,atherosclerosis,Hetionet v1.0 filtered PolyMerge fragment,sampled_no_represented_CtD_edge,0,0,0,0,0,0,0,1,1,6,0,6,0,0
Compound::DB00841|Disease::DOID:9074,Compound::DB00841,Dobutamine,Disease::DOID:9074,systemic lupus erythematosus,Hetionet v1.0 filtered PolyMerge fragment,sampled_no_represented_CtD_edge,0,0,0,0,0,0,0,1,1,0,1,1,0,0
Compound::DB00843|Disease::DOID:1686,Compound::DB00843,Donepezil,Disease::DOID:1686,glaucoma,Hetionet v1.0 filtered PolyMerge fragment,sampled_no_represented_CtD_edge,0,0,0,0,0,0,0,2,2,3,0,3,0,0
Compound::DB00857|Disease::DOID:14221,Compound::DB00857,Terbinafine,Disease::DOID:14221,metabolic syndrome X,Hetionet v1.0 filtered PolyMerge fragment,sampled_no_represented_CtD_edge,0,0,0,0,0,0,0,1,1,1,0,1,0,0
Compound::DB00865|Disease::DOID:10763,Compound::DB00865,Benzphetamine,Disease::DOID:10763,hypertension,Hetionet v1.0 filtered PolyMerge fragment,sampled_no_represented_CtD_edge,0,0,0,0,0,0,0,1,1,68,0,68,0,0
Compound::DB00872|Disease::DOID:9970,Compound::DB00872,Conivaptan,Disease::DOID:9970,obesity,Hetionet v1.0 filtered PolyMerge fragment,sampled_no_represented_CtD_edge,0,0,0,0,0,0,0,1,1,1,0,1,0,0
Compound::DB00874|Disease::DOID:13189,Compound::DB00874,Guaifenesin,Disease::DOID:13189,gout,Hetionet v1.0 filtered PolyMerge fragment,sampled_no_represented_CtD_edge,0,0,0,0,0,0,0,4,4,0,1,1,0,0
Compound::DB00874|Disease::DOID:1686,Compound::DB00874,Guaifenesin,Disease::DOID:1686,glaucoma,Hetionet v1.0 filtered PolyMerge fragment,sampled_no_represented_CtD_edge,0,0,0,0,0,0,0,4,4,3,0,3,0,0
Compound::DB00874|Disease::DOID:7148,Compound::DB00874,Guaifenesin,Disease::DOID:7148,rheumatoid arthritis,Hetionet v1.0 filtered PolyMerge fragment,sampled_no_represented_CtD_edge,0,0,0,0,0,0,0,4,4,0,1,1,0,0
Compound::DB00874|Disease::DOID:9074,Compound::DB00874,Guaifenesin,Disease::DOID:9074,systemic lupus erythematosus,Hetionet v1.0 filtered PolyMerge fragment,sampled_no_represented_CtD_edge,0,0,0,0,0,0,0,4,4,0,1,1,0,0
Compound::DB00876|Disease::DOID:784,Compound::DB00876,Eprosartan,Disease::DOID:784,chronic kidney failure,Hetionet v1.0 filtered PolyMerge fragment,sampled_no_represented_CtD_edge,1,0,3,1,1,144,1,1,152,0,4,4,0,0
Compound::DB00880|Disease::DOID:10763,Compound::DB00880,Chlorothiazide,Disease::DOID:10763,hypertension,Hetionet v1.0 filtered PolyMerge fragment,represented_CtD_edge,0,0,5,1,0,62,2,11,82,67,0,68,0,1
Compound::DB00881|Disease::DOID:13189,Compound::DB00881,Quinapril,Disease::DOID:13189,gout,Hetionet v1.0 filtered PolyMerge fragment,sampled_no_represented_CtD_edge,1,0,3,0,0,97,0,16,117,0,1,1,0,0
Compound::DB00881|Disease::DOID:14330,Compound::DB00881,Quinapril,Disease::DOID:14330,Parkinson's disease,Hetionet v1.0 filtered PolyMerge fragment,sampled_no_represented_CtD_edge,1,0,3,0,0,97,0,16,117,0,1,1,0,0
Compound::DB00881|Disease::DOID:6364,Compound::DB00881,Quinapril,Disease::DOID:6364,migraine,Hetionet v1.0 filtered PolyMerge fragment,sampled_no_represented_CtD_edge,1,0,3,0,0,97,0,16,117,3,1,4,0,0
Compound::DB00881|Disease::DOID:784,Compound::DB00881,Quinapril,Disease::DOID:784,chronic kidney failure,Hetionet v1.0 filtered PolyMerge fragment,sampled_no_represented_CtD_edge,1,0,3,0,0,97,0,16,117,0,4,4,0,0
Compound::DB00887|Disease::DOID:10763,Compound::DB00887,Bumetanide,Disease::DOID:10763,hypertension,Hetionet v1.0 filtered PolyMerge fragment,represented_CtD_edge,0,1,19,0,1,66,1,4,93,67,0,68,0,1
Compound::DB00894|Disease::DOID:13189,Compound::DB00894,Testolactone,Disease::DOID:13189,gout,Hetionet v1.0 filtered PolyMerge fragment,sampled_no_represented_CtD_edge,0,0,0,0,0,0,0,1,1,0,1,1,0,0
Compound::DB00903|Disease::DOID:10763,Compound::DB00903,Ethacrynic acid,Disease::DOID:10763,hypertension,Hetionet v1.0 filtered PolyMerge fragment,represented_CtD_edge,0,1,5,26,41,43,1,0,118,67,0,68,0,1
Compound::DB00903|Disease::DOID:585,Compound::DB00903,Ethacrynic acid,Disease::DOID:585,nephrolithiasis,Hetionet v1.0 filtered PolyMerge fragment,sampled_no_represented_CtD_edge,1,1,5,26,41,43,1,0,118,1,0,1,0,0
Compound::DB00912|Disease::DOID:9352,Compound::DB00912,Repaglinide,Disease::DOID:9352,type 2 diabetes mellitus,Hetionet v1.0 filtered PolyMerge fragment,represented_CtD_edge,0,0,7,0,1,66,1,0,76,21,0,22,0,1
Compound::DB00925|Disease::DOID:585,Compound::DB00925,Phenoxybenzamine,Disease::DOID:585,nephrolithiasis,Hetionet v1.0 filtered PolyMerge fragment,sampled_no_represented_CtD_edge,0,0,0,0,0,0,0,1,1,1,0,1,0,0
Compound::DB00936|Disease::DOID:11612,Compound::DB00936,Salicylic acid,Disease::DOID:11612,polycystic ovary syndrome,Hetionet v1.0 filtered PolyMerge fragment,sampled_no_represented_CtD_edge,0,0,0,0,0,0,0,2,2,1,0,1,0,0
Compound::DB00939|Disease::DOID:10763,Compound::DB00939,Meclofenamic acid,Disease::DOID:10763,hypertension,Hetionet v1.0 filtered PolyMerge fragment,sampled_no_represented_CtD_edge,0,0,0,0,0,0,0,1,1,68,0,68,0,0
Compound::DB00945|Disease::DOID:13378,Compound::DB00945,Acetylsalicylic acid,Disease::DOID:13378,Kawasaki disease,Hetionet v1.0 filtered PolyMerge fragment,represented_CtD_edge,1,5,16,1,1,86,2,7,120,0,0,1,0,1
Compound::DB00945|Disease::DOID:3393,Compound::DB00945,Acetylsalicylic acid,Disease::DOID:3393,coronary artery disease,Hetionet v1.0 filtered PolyMerge fragment,represented_CtD_edge,1,5,16,1,1,86,2,7,120,27,3,31,0,1
Compound::DB00960|Disease::DOID:10763,Compound::DB00960,Pindolol,Disease::DOID:10763,hypertension,Hetionet v1.0 filtered PolyMerge fragment,represented_CtD_edge,0,0,6,20,62,93,0,17,199,67,0,68,0,1
Compound::DB00960|Disease::DOID:418,Compound::DB00960,Pindolol,Disease::DOID:418,systemic scleroderma,Hetionet v1.0 filtered PolyMerge fragment,sampled_no_represented_CtD_edge,1,0,6,20,62,93,0,17,199,2,1,3,0,0
Compound::DB00964|Disease::DOID:418,Compound::DB00964,Apraclonidine,Disease::DOID:418,systemic scleroderma,Hetionet v1.0 filtered PolyMerge fragment,sampled_no_represented_CtD_edge,0,0,0,0,0,0,0,1,1,2,1,3,0,0
Compound::DB00964|Disease::DOID:784,Compound::DB00964,Apraclonidine,Disease::DOID:784,chronic kidney failure,Hetionet v1.0 filtered PolyMerge fragment,sampled_no_represented_CtD_edge,0,0,0,0,0,0,0,1,1,0,4,4,0,0
Compound::DB00966|Disease::DOID:10763,Compound::DB00966,Telmisartan,Disease::DOID:10763,hypertension,Hetionet v1.0 filtered PolyMerge fragment,represented_CtD_edge,1,0,7,0,0,207,1,5,222,67,0,68,0,1
Compound::DB00966|Disease::DOID:9074,Compound::DB00966,Telmisartan,Disease::DOID:9074,systemic lupus erythematosus,Hetionet v1.0 filtered PolyMerge fragment,sampled_no_represented_CtD_edge,2,0,7,0,0,207,1,5,222,0,1,1,0,0
Compound::DB00968|Disease::DOID:10763,Compound::DB00968,Methyldopa,Disease::DOID:10763,hypertension,Hetionet v1.0 filtered PolyMerge fragment,represented_CtD_edge,0,0,4,33,76,86,0,12,212,67,0,68,0,1
Compound::DB00968|Disease::DOID:12930,Compound::DB00968,Methyldopa,Disease::DOID:12930,dilated cardiomyopathy,Hetionet v1.0 filtered PolyMerge fragment,sampled_no_represented_CtD_edge,1,0,4,33,76,86,0,12,212,3,0,3,0,0
Compound::DB00973|Disease::DOID:1936,Compound::DB00973,Ezetimibe,Disease::DOID:1936,atherosclerosis,Hetionet v1.0 filtered PolyMerge fragment,represented_CtD_edge,1,0,15,7,5,127,1,3,160,5,0,6,0,1
Compound::DB00973|Disease::DOID:3393,Compound::DB00973,Ezetimibe,Disease::DOID:3393,coronary artery disease,Hetionet v1.0 filtered PolyMerge fragment,represented_CtD_edge,1,0,15,7,5,127,1,3,160,27,3,31,0,1
Compound::DB00988|Disease::DOID:9352,Compound::DB00988,Dopamine,Disease::DOID:9352,type 2 diabetes mellitus,Hetionet v1.0 filtered PolyMerge fragment,sampled_no_represented_CtD_edge,0,0,0,0,0,0,0,1,1,22,0,22,0,0
Compound::DB00999|Disease::DOID:10763,Compound::DB00999,Hydrochlorothiazide,Disease::DOID:10763,hypertension,Hetionet v1.0 filtered PolyMerge fragment,represented_CtD_edge,1,0,9,10,28,246,2,10,307,67,0,68,0,1
Compound::DB00999|Disease::DOID:13189,Compound::DB00999,Hydrochlorothiazide,Disease::DOID:13189,gout,Hetionet v1.0 filtered PolyMerge fragment,sampled_no_represented_CtD_edge,2,0,9,10,28,246,2,10,307,0,1,1,0,0
Compound::DB01009|Disease::DOID:418,Compound::DB01009,Ketoprofen,Disease::DOID:418,systemic scleroderma,Hetionet v1.0 filtered PolyMerge fragment,sampled_no_represented_CtD_edge,0,0,0,0,0,0,0,1,1,2,1,3,0,0
Compound::DB01018|Disease::DOID:10763,Compound::DB01018,Guanfacine,Disease::DOID:10763,hypertension,Hetionet v1.0 filtered PolyMerge fragment,represented_CtD_edge,0,1,6,0,0,107,1,3,119,67,0,68,0,1
Compound::DB01018|Disease::DOID:14330,Compound::DB01018,Guanfacine,Disease::DOID:14330,Parkinson's disease,Hetionet v1.0 filtered PolyMerge fragment,sampled_no_represented_CtD_edge,1,1,6,0,0,107,1,3,119,0,1,1,0,0
Compound::DB01023|Disease::DOID:10763,Compound::DB01023,Felodipine,Disease::DOID:10763,hypertension,Hetionet v1.0 filtered PolyMerge fragment,represented_CtD_edge,0,0,23,2,1,111,2,10,150,67,0,68,0,1
Compound::DB01029|Disease::DOID:10763,Compound::DB01029,Irbesartan,Disease::DOID:10763,hypertension,Hetionet v1.0 filtered PolyMerge fragment,represented_CtD_edge,1,0,10,4,8,241,1,6,272,67,0,68,0,1
Compound::DB01029|Disease::DOID:418,Compound::DB01029,Irbesartan,Disease::DOID:418,systemic scleroderma,Hetionet v1.0 filtered PolyMerge fragment,sampled_no_represented_CtD_edge,2,0,10,4,8,241,1,6,272,2,1,3,0,0
Compound::DB01032|Disease::DOID:6364,Compound::DB01032,Probenecid,Disease::DOID:6364,migraine,Hetionet v1.0 filtered PolyMerge fragment,sampled_no_represented_CtD_edge,0,0,0,0,0,0,0,2,2,3,1,4,0,0
Compound::DB01049|Disease::DOID:784,Compound::DB01049,Ergoloid mesylate,Disease::DOID:784,chronic kidney failure,Hetionet v1.0 filtered PolyMerge fragment,sampled_no_represented_CtD_edge,0,0,0,0,0,0,0,1,1,0,4,4,0,0
Compound::DB01050|Disease::DOID:0050425,Compound::DB01050,Ibuprofen,Disease::DOID:0050425,restless legs syndrome,Hetionet v1.0 filtered PolyMerge fragment,sampled_no_represented_CtD_edge,0,0,0,0,0,0,0,1,1,0,1,1,0,0
Compound::DB01050|Disease::DOID:1936,Compound::DB01050,Ibuprofen,Disease::DOID:1936,atherosclerosis,Hetionet v1.0 filtered PolyMerge fragment,sampled_no_represented_CtD_edge,0,0,0,0,0,0,0,1,1,6,0,6,0,0
Compound::DB01050|Disease::DOID:9744,Compound::DB01050,Ibuprofen,Disease::DOID:9744,type 1 diabetes mellitus,Hetionet v1.0 filtered PolyMerge fragment,sampled_no_represented_CtD_edge,0,0,0,0,0,0,0,1,1,1,0,1,0,0
Compound::DB01054|Disease::DOID:14221,Compound::DB01054,Nitrendipine,Disease::DOID:14221,metabolic syndrome X,Hetionet v1.0 filtered PolyMerge fragment,sampled_no_represented_CtD_edge,0,0,0,0,0,0,0,6,6,1,0,1,0,0
Compound::DB01067|Disease::DOID:9352,Compound::DB01067,Glipizide,Disease::DOID:9352,type 2 diabetes mellitus,Hetionet v1.0 filtered PolyMerge fragment,represented_CtD_edge,0,0,5,4,15,106,1,8,140,21,0,22,0,1
Compound::DB01069|Disease::DOID:9970,Compound::DB01069,Promethazine,Disease::DOID:9970,obesity,Hetionet v1.0 filtered PolyMerge fragment,sampled_no_represented_CtD_edge,0,0,0,0,0,0,0,1,1,1,0,1,0,0
Compound::DB01075|Disease::DOID:0050425,Compound::DB01075,Diphenhydramine,Disease::DOID:0050425,restless legs syndrome,Hetionet v1.0 filtered PolyMerge fragment,sampled_no_represented_CtD_edge,0,0,0,0,0,0,0,1,1,0,1,1,0,0
Compound::DB01075|Disease::DOID:10763,Compound::DB01075,Diphenhydramine,Disease::DOID:10763,hypertension,Hetionet v1.0 filtered PolyMerge fragment,sampled_no_represented_CtD_edge,0,0,0,0,0,0,0,1,1,68,0,68,0,0
Compound::DB01075|Disease::DOID:9074,Compound::DB01075,Diphenhydramine,Disease::DOID:9074,systemic lupus erythematosus,Hetionet v1.0 filtered PolyMerge fragment,sampled_no_represented_CtD_edge,0,0,0,0,0,0,0,1,1,0,1,1,0,0
Compound::DB01076|Disease::DOID:3393,Compound::DB01076,Atorvastatin,Disease::DOID:3393,coronary artery disease,Hetionet v1.0 filtered PolyMerge fragment,represented_CtD_edge,1,0,24,10,7,0,0,3,46,27,3,31,0,1
Compound::DB01083|Disease::DOID:11714,Compound::DB01083,Orlistat,Disease::DOID:11714,gestational diabetes,Hetionet v1.0 filtered PolyMerge fragment,sampled_no_represented_CtD_edge,2,0,10,25,4,170,1,2,214,1,0,1,0,0
Compound::DB01083|Disease::DOID:1686,Compound::DB01083,Orlistat,Disease::DOID:1686,glaucoma,Hetionet v1.0 filtered PolyMerge fragment,sampled_no_represented_CtD_edge,2,0,10,25,4,170,1,2,214,3,0,3,0,0
Compound::DB01083|Disease::DOID:9352,Compound::DB01083,Orlistat,Disease::DOID:9352,type 2 diabetes mellitus,Hetionet v1.0 filtered PolyMerge fragment,represented_CtD_edge,1,0,10,25,4,170,1,2,214,21,0,22,0,1
Compound::DB01083|Disease::DOID:9970,Compound::DB01083,Orlistat,Disease::DOID:9970,obesity,Hetionet v1.0 filtered PolyMerge fragment,represented_CtD_edge,1,0,10,25,4,170,1,2,214,0,0,1,0,1
Compound::DB01089|Disease::DOID:11612,Compound::DB01089,Deserpidine,Disease::DOID:11612,polycystic ovary syndrome,Hetionet v1.0 filtered PolyMerge fragment,sampled_no_represented_CtD_edge,0,0,0,0,0,0,0,1,1,1,0,1,0,0
Compound::DB01095|Disease::DOID:11119,Compound::DB01095,Fluvastatin,Disease::DOID:11119,Gilles de la Tourette syndrome,Hetionet v1.0 filtered PolyMerge fragment,sampled_no_represented_CtD_edge,0,0,0,0,0,0,0,3,3,0,2,2,0,0
Compound::DB01095|Disease::DOID:11714,Compound::DB01095,Fluvastatin,Disease::DOID:11714,gestational diabetes,Hetionet v1.0 filtered PolyMerge fragment,sampled_no_represented_CtD_edge,0,0,0,0,0,0,0,3,3,1,0,1,0,0
Compound::DB01098|Disease::DOID:1936,Compound::DB01098,Rosuvastatin,Disease::DOID:1936,atherosclerosis,Hetionet v1.0 filtered PolyMerge fragment,represented_CtD_edge,1,0,15,8,26,80,0,2,133,5,0,6,0,1
Compound::DB01098|Disease::DOID:585,Compound::DB01098,Rosuvastatin,Disease::DOID:585,nephrolithiasis,Hetionet v1.0 filtered PolyMerge fragment,sampled_no_represented_CtD_edge,2,0,15,8,26,80,0,2,133,1,0,1,0,0
Compound::DB01100|Disease::DOID:11612,Compound::DB01100,Pimozide,Disease::DOID:11612,polycystic ovary syndrome,Hetionet v1.0 filtered PolyMerge fragment,sampled_no_represented_CtD_edge,0,0,0,0,0,0,0,1,1,1,0,1,0,0
Compound::DB01115|Disease::DOID:10763,Compound::DB01115,Nifedipine,Disease::DOID:10763,hypertension,Hetionet v1.0 filtered PolyMerge fragment,represented_CtD_edge,0,2,25,14,18,273,2,10,345,67,0,68,0,1
Compound::DB01119|Disease::DOID:0050425,Compound::DB01119,Diazoxide,Disease::DOID:0050425,restless legs syndrome,Hetionet v1.0 filtered PolyMerge fragment,sampled_no_represented_CtD_edge,0,0,0,0,0,0,0,1,1,0,1,1,0,0
Compound::DB01119|Disease::DOID:10763,Compound::DB01119,Diazoxide,Disease::DOID:10763,hypertension,Hetionet v1.0 filtered PolyMerge fragment,sampled_no_represented_CtD_edge,0,0,0,0,0,0,0,1,1,68,0,68,0,0
Compound::DB01120|Disease::DOID:9352,Compound::DB01120,Gliclazide,Disease::DOID:9352,type 2 diabetes mellitus,Hetionet v1.0 filtered PolyMerge fragment,represented_CtD_edge,0,0,6,5,10,267,0,8,297,21,0,22,0,1
Compound::DB01121|Disease::DOID:12930,Compound::DB01121,Phenacemide,Disease::DOID:12930,dilated cardiomyopathy,Hetionet v1.0 filtered PolyMerge fragment,sampled_no_represented_CtD_edge,0,0,0,0,0,0,0,2,2,3,0,3,0,0
Compound::DB01132|Disease::DOID:9352,Compound::DB01132,Pioglitazone,Disease::DOID:9352,type 2 diabetes mellitus,Hetionet v1.0 filtered PolyMerge fragment,represented_CtD_edge,0,0,9,5,1,118,4,1,139,21,0,22,0,1
Compound::DB01136|Disease::DOID:10763,Compound::DB01136,Carvedilol,Disease::DOID:10763,hypertension,Hetionet v1.0 filtered PolyMerge fragment,represented_CtD_edge,0,0,26,2,2,249,2,9,291,67,0,68,0,1
Compound::DB01144|Disease::DOID:1936,Compound::DB01144,Diclofenamide,Disease::DOID:1936,atherosclerosis,Hetionet v1.0 filtered PolyMerge fragment,sampled_no_represented_CtD_edge,0,0,0,0,0,0,0,2,2,6,0,6,0,0
Compound::DB01146|Disease::DOID:14330,Compound::DB01146,Diphenylpyraline,Disease::DOID:14330,Parkinson's disease,Hetionet v1.0 filtered PolyMerge fragment,sampled_no_represented_CtD_edge,0,0,0,0,0,0,0,1,1,0,1,1,0,0
Compound::DB01151|Disease::DOID:784,Compound::DB01151,Desipramine,Disease::DOID:784,chronic kidney failure,Hetionet v1.0 filtered PolyMerge fragment,sampled_no_represented_CtD_edge,0,0,0,0,0,0,0,1,1,0,4,4,0,0
Compound::DB01162|Disease::DOID:1094,Compound::DB01162,Terazosin,Disease::DOID:1094,attention deficit hyperactivity disorder,Hetionet v1.0 filtered PolyMerge fragment,sampled_no_represented_CtD_edge,1,0,7,7,1,122,0,3,141,0,2,2,0,0
Compound::DB01170|Disease::DOID:10763,Compound::DB01170,Guanethidine,Disease::DOID:10763,hypertension,Hetionet v1.0 filtered PolyMerge fragment,represented_CtD_edge,0,0,2,0,0,0,0,0,3,67,0,68,0,1
Compound::DB01176|Disease::DOID:14330,Compound::DB01176,Cyclizine,Disease::DOID:14330,Parkinson's disease,Hetionet v1.0 filtered PolyMerge fragment,sampled_no_represented_CtD_edge,0,0,0,0,0,0,0,1,1,0,1,1,0,0
Compound::DB01180|Disease::DOID:8398,Compound::DB01180,Rescinnamine,Disease::DOID:8398,osteoarthritis,Hetionet v1.0 filtered PolyMerge fragment,sampled_no_represented_CtD_edge,0,0,0,0,0,0,0,1,1,0,1,1,0,0
Compound::DB01193|Disease::DOID:10763,Compound::DB01193,Acebutolol,Disease::DOID:10763,hypertension,Hetionet v1.0 filtered PolyMerge fragment,represented_CtD_edge,0,0,5,0,0,130,0,11,147,67,0,68,0,1
Compound::DB01193|Disease::DOID:9744,Compound::DB01193,Acebutolol,Disease::DOID:9744,type 1 diabetes mellitus,Hetionet v1.0 filtered PolyMerge fragment,sampled_no_represented_CtD_edge,1,0,5,0,0,130,0,11,147,1,0,1,0,0
Compound::DB01197|Disease::DOID:10763,Compound::DB01197,Captopril,Disease::DOID:10763,hypertension,Hetionet v1.0 filtered PolyMerge fragment,represented_CtD_edge,2,0,11,4,16,148,0,1,183,67,0,68,0,1
Compound::DB01197|Disease::DOID:3393,Compound::DB01197,Captopril,Disease::DOID:3393,coronary artery disease,Hetionet v1.0 filtered PolyMerge fragment,represented_CtD_edge,2,0,11,4,16,148,0,1,183,27,3,31,0,1
Compound::DB01197|Disease::DOID:418,Compound::DB01197,Captopril,Disease::DOID:418,systemic scleroderma,Hetionet v1.0 filtered PolyMerge fragment,represented_CtD_edge,2,0,11,4,16,148,0,1,183,1,1,3,0,1
Compound::DB01200|Disease::DOID:784,Compound::DB01200,Bromocriptine,Disease::DOID:784,chronic kidney failure,Hetionet v1.0 filtered PolyMerge fragment,sampled_no_represented_CtD_edge,1,1,23,15,9,163,1,6,219,0,4,4,0,0
Compound::DB01203|Disease::DOID:10763,Compound::DB01203,Nadolol,Disease::DOID:10763,hypertension,Hetionet v1.0 filtered PolyMerge fragment,represented_CtD_edge,0,0,4,1,3,102,0,8,119,67,0,68,0,1
Compound::DB01210|Disease::DOID:1094,Compound::DB01210,Levobunolol,Disease::DOID:1094,attention deficit hyperactivity disorder,Hetionet v1.0 filtered PolyMerge fragment,sampled_no_represented_CtD_edge,0,0,0,0,0,0,0,5,5,0,2,2,0,0
Compound::DB01210|Disease::DOID:1686,Compound::DB01210,Levobunolol,Disease::DOID:1686,glaucoma,Hetionet v1.0 filtered PolyMerge fragment,sampled_no_represented_CtD_edge,0,0,0,0,0,0,0,5,5,3,0,3,0,0
Compound::DB01214|Disease::DOID:8398,Compound::DB01214,Metipranolol,Disease::DOID:8398,osteoarthritis,Hetionet v1.0 filtered PolyMerge fragment,sampled_no_represented_CtD_edge,0,0,0,0,0,0,0,5,5,0,1,1,0,0
Compound::DB01228|Disease::DOID:14221,Compound::DB01228,Encainide,Disease::DOID:14221,metabolic syndrome X,Hetionet v1.0 filtered PolyMerge fragment,sampled_no_represented_CtD_edge,0,0,0,0,0,0,0,1,1,1,0,1,0,0
Compound::DB01228|Disease::DOID:784,Compound::DB01228,Encainide,Disease::DOID:784,chronic kidney failure,Hetionet v1.0 filtered PolyMerge fragment,sampled_no_represented_CtD_edge,0,0,0,0,0,0,0,1,1,0,4,4,0,0
Compound::DB01241|Disease::DOID:1686,Compound::DB01241,Gemfibrozil,Disease::DOID:1686,glaucoma,Hetionet v1.0 filtered PolyMerge fragment,sampled_no_represented_CtD_edge,1,0,7,7,19,116,2,1,153,3,0,3,0,0
Compound::DB01241|Disease::DOID:3393,Compound::DB01241,Gemfibrozil,Disease::DOID:3393,coronary artery disease,Hetionet v1.0 filtered PolyMerge fragment,represented_CtD_edge,0,0,7,7,19,116,2,1,153,27,3,31,0,1
Compound::DB01244|Disease::DOID:10763,Compound::DB01244,Bepridil,Disease::DOID:10763,hypertension,Hetionet v1.0 filtered PolyMerge fragment,represented_CtD_edge,0,0,16,0,0,76,0,15,108,67,0,68,0,1
Compound::DB01244|Disease::DOID:9352,Compound::DB01244,Bepridil,Disease::DOID:9352,type 2 diabetes mellitus,Hetionet v1.0 filtered PolyMerge fragment,sampled_no_represented_CtD_edge,1,0,16,0,0,76,0,15,108,22,0,22,0,0
Compound::DB01251|Disease::DOID:12849,Compound::DB01251,Gliquidone,Disease::DOID:12849,autistic disorder,Hetionet v1.0 filtered PolyMerge fragment,sampled_no_represented_CtD_edge,0,0,0,0,0,0,0,3,3,0,1,1,0,0
Compound::DB01251|Disease::DOID:8398,Compound::DB01251,Gliquidone,Disease::DOID:8398,osteoarthritis,Hetionet v1.0 filtered PolyMerge fragment,sampled_no_represented_CtD_edge,0,0,0,0,0,0,0,3,3,0,1,1,0,0
Compound::DB01252|Disease::DOID:418,Compound::DB01252,Mitiglinide,Disease::DOID:418,systemic scleroderma,Hetionet v1.0 filtered PolyMerge fragment,sampled_no_represented_CtD_edge,0,0,0,0,0,0,0,4,4,2,1,3,0,0
Compound::DB01255|Disease::DOID:12849,Compound::DB01255,Lisdexamfetamine,Disease::DOID:12849,autistic disorder,Hetionet v1.0 filtered PolyMerge fragment,sampled_no_represented_CtD_edge,0,0,0,0,0,0,0,2,2,0,1,1,0,0
Compound::DB01261|Disease::DOID:1094,Compound::DB01261,Sitagliptin,Disease::DOID:1094,attention deficit hyperactivity disorder,Hetionet v1.0 filtered PolyMerge fragment,sampled_no_represented_CtD_edge,1,0,4,6,44,127,1,0,183,0,2,2,0,0
Compound::DB01261|Disease::DOID:14330,Compound::DB01261,Sitagliptin,Disease::DOID:14330,Parkinson's disease,Hetionet v1.0 filtered PolyMerge fragment,sampled_no_represented_CtD_edge,1,0,4,6,44,127,1,0,183,0,1,1,0,0
Compound::DB01261|Disease::DOID:9352,Compound::DB01261,Sitagliptin,Disease::DOID:9352,type 2 diabetes mellitus,Hetionet v1.0 filtered PolyMerge fragment,represented_CtD_edge,0,0,4,6,44,127,1,0,183,21,0,22,0,1
Compound::DB01274|Disease::DOID:784,Compound::DB01274,Arformoterol,Disease::DOID:784,chronic kidney failure,Hetionet v1.0 filtered PolyMerge fragment,sampled_no_represented_CtD_edge,0,0,0,0,0,0,0,1,1,0,4,4,0,0
Compound::DB01275|Disease::DOID:10763,Compound::DB01275,Hydralazine,Disease::DOID:10763,hypertension,Hetionet v1.0 filtered PolyMerge fragment,represented_CtD_edge,0,0,4,0,0,90,1,0,96,67,0,68,0,1
Compound::DB01325|Disease::DOID:8398,Compound::DB01325,Quinethazone,Disease::DOID:8398,osteoarthritis,Hetionet v1.0 filtered PolyMerge fragment,sampled_no_represented_CtD_edge,0,0,0,0,0,0,0,4,4,0,1,1,0,0
Compound::DB01340|Disease::DOID:0050425,Compound::DB01340,Cilazapril,Disease::DOID:0050425,restless legs syndrome,Hetionet v1.0 filtered PolyMerge fragment,sampled_no_represented_CtD_edge,0,0,0,0,0,0,0,10,10,0,1,1,0,0
Compound::DB01342|Disease::DOID:13378,Compound::DB01342,Forasartan,Disease::DOID:13378,Kawasaki disease,Hetionet v1.0 filtered PolyMerge fragment,sampled_no_represented_CtD_edge,0,0,0,0,0,0,0,5,5,1,0,1,0,0
Compound::DB01349|Disease::DOID:9744,Compound::DB01349,Tasosartan,Disease::DOID:9744,type 1 diabetes mellitus,Hetionet v1.0 filtered PolyMerge fragment,sampled_no_represented_CtD_edge,0,0,0,0,0,0,0,5,5,1,0,1,0,0
Compound::DB01359|Disease::DOID:10763,Compound::DB01359,Penbutolol,Disease::DOID:10763,hypertension,Hetionet v1.0 filtered PolyMerge fragment,represented_CtD_edge,1,0,5,0,0,39,0,9,55,67,0,68,0,1
Compound::DB01359|Disease::DOID:3393,Compound::DB01359,Penbutolol,Disease::DOID:3393,coronary artery disease,Hetionet v1.0 filtered PolyMerge fragment,represented_CtD_edge,1,0,5,0,0,39,0,9,55,27,3,31,0,1
Compound::DB01399|Disease::DOID:6364,Compound::DB01399,Salsalate,Disease::DOID:6364,migraine,Hetionet v1.0 filtered PolyMerge fragment,sampled_no_represented_CtD_edge,0,0,0,0,0,0,0,2,2,3,1,4,0,0
Compound::DB01399|Disease::DOID:784,Compound::DB01399,Salsalate,Disease::DOID:784,chronic kidney failure,Hetionet v1.0 filtered PolyMerge fragment,sampled_no_represented_CtD_edge,0,0,0,0,0,0,0,2,2,0,4,4,0,0
Compound::DB01403|Disease::DOID:418,Compound::DB01403,Methotrimeprazine,Disease::DOID:418,systemic scleroderma,Hetionet v1.0 filtered PolyMerge fragment,sampled_no_represented_CtD_edge,0,0,0,0,0,0,0,1,1,2,1,3,0,0
Compound::DB01411|Disease::DOID:11714,Compound::DB01411,Pranlukast,Disease::DOID:11714,gestational diabetes,Hetionet v1.0 filtered PolyMerge fragment,sampled_no_represented_CtD_edge,0,0,0,0,0,0,0,1,1,1,0,1,0,0
Compound::DB01411|Disease::DOID:1686,Compound::DB01411,Pranlukast,Disease::DOID:1686,glaucoma,Hetionet v1.0 filtered PolyMerge fragment,sampled_no_represented_CtD_edge,0,0,0,0,0,0,0,1,1,3,0,3,0,0
Compound::DB01420|Disease::DOID:11119,Compound::DB01420,Testosterone Propionate,Disease::DOID:11119,Gilles de la Tourette syndrome,Hetionet v1.0 filtered PolyMerge fragment,sampled_no_represented_CtD_edge,0,0,0,0,0,0,0,2,2,0,2,2,0,0
Compound::DB01420|Disease::DOID:418,Compound::DB01420,Testosterone Propionate,Disease::DOID:418,systemic scleroderma,Hetionet v1.0 filtered PolyMerge fragment,sampled_no_represented_CtD_edge,0,0,0,0,0,0,0,2,2,2,1,3,0,0
Compound::DB01420|Disease::DOID:9744,Compound::DB01420,Testosterone Propionate,Disease::DOID:9744,type 1 diabetes mellitus,Hetionet v1.0 filtered PolyMerge fragment,sampled_no_represented_CtD_edge,0,0,0,0,0,0,0,2,2,1,0,1,0,0
Compound::DB01421|Disease::DOID:13378,Compound::DB01421,Paromomycin,Disease::DOID:13378,Kawasaki disease,Hetionet v1.0 filtered PolyMerge fragment,sampled_no_represented_CtD_edge,0,0,0,0,0,0,0,1,1,1,0,1,0,0
Compound::DB01421|Disease::DOID:9744,Compound::DB01421,Paromomycin,Disease::DOID:9744,type 1 diabetes mellitus,Hetionet v1.0 filtered PolyMerge fragment,sampled_no_represented_CtD_edge,0,0,0,0,0,0,0,1,1,1,0,1,0,0
Compound::DB01428|Disease::DOID:11714,Compound::DB01428,Oxybenzone,Disease::DOID:11714,gestational diabetes,Hetionet v1.0 filtered PolyMerge fragment,sampled_no_represented_CtD_edge,0,0,0,0,0,0,0,1,1,1,0,1,0,0
Compound::DB01428|Disease::DOID:3393,Compound::DB01428,Oxybenzone,Disease::DOID:3393,coronary artery disease,Hetionet v1.0 filtered PolyMerge fragment,sampled_no_represented_CtD_edge,0,0,0,0,0,0,0,1,1,28,3,31,0,0
Compound::DB01428|Disease::DOID:7148,Compound::DB01428,Oxybenzone,Disease::DOID:7148,rheumatoid arthritis,Hetionet v1.0 filtered PolyMerge fragment,sampled_no_represented_CtD_edge,0,0,0,0,0,0,0,1,1,0,1,1,0,0
Compound::DB01511|Disease::DOID:3393,Compound::DB01511,Delorazepam,Disease::DOID:3393,coronary artery disease,Hetionet v1.0 filtered PolyMerge fragment,sampled_no_represented_CtD_edge,0,0,0,0,0,0,0,1,1,28,3,31,0,0
Compound::DB01591|Disease::DOID:13378,Compound::DB01591,Solifenacin,Disease::DOID:13378,Kawasaki disease,Hetionet v1.0 filtered PolyMerge fragment,sampled_no_represented_CtD_edge,0,0,0,0,0,0,0,1,1,1,0,1,0,0
Compound::DB01609|Disease::DOID:12930,Compound::DB01609,Deferasirox,Disease::DOID:12930,dilated cardiomyopathy,Hetionet v1.0 filtered PolyMerge fragment,sampled_no_represented_CtD_edge,0,0,0,0,0,0,0,2,2,3,0,3,0,0
Compound::DB01614|Disease::DOID:1094,Compound::DB01614,Acepromazine,Disease::DOID:1094,attention deficit hyperactivity disorder,Hetionet v1.0 filtered PolyMerge fragment,sampled_no_represented_CtD_edge,0,0,0,0,0,0,0,1,1,0,2,2,0,0
Compound::DB01615|Disease::DOID:10763,Compound::DB01615,Aceprometazine,Disease::DOID:10763,hypertension,Hetionet v1.0 filtered PolyMerge fragment,sampled_no_represented_CtD_edge,0,0,0,0,0,0,0,1,1,68,0,68,0,0
Compound::DB04841|Disease::DOID:13378,Compound::DB04841,Flunarizine,Disease::DOID:13378,Kawasaki disease,Hetionet v1.0 filtered PolyMerge fragment,sampled_no_represented_CtD_edge,0,0,0,0,0,0,0,1,1,1,0,1,0,0
Compound::DB04841|Disease::DOID:1686,Compound::DB04841,Flunarizine,Disease::DOID:1686,glaucoma,Hetionet v1.0 filtered PolyMerge fragment,sampled_no_represented_CtD_edge,0,0,0,0,0,0,0,1,1,3,0,3,0,0
Compound::DB04841|Disease::DOID:1936,Compound::DB04841,Flunarizine,Disease::DOID:1936,atherosclerosis,Hetionet v1.0 filtered PolyMerge fragment,sampled_no_represented_CtD_edge,0,0,0,0,0,0,0,1,1,6,0,6,0,0
Compound::DB04842|Disease::DOID:7148,Compound::DB04842,Fluspirilene,Disease::DOID:7148,rheumatoid arthritis,Hetionet v1.0 filtered PolyMerge fragment,sampled_no_represented_CtD_edge,0,0,0,0,0,0,0,1,1,0,1,1,0,0
Compound::DB04861|Disease::DOID:10763,Compound::DB04861,Nebivolol,Disease::DOID:10763,hypertension,Hetionet v1.0 filtered PolyMerge fragment,represented_CtD_edge,0,0,4,0,0,50,0,0,55,67,0,68,0,1
Compound::DB04877|Disease::DOID:11612,Compound::DB04877,Voacamine,Disease::DOID:11612,polycystic ovary syndrome,Hetionet v1.0 filtered PolyMerge fragment,sampled_no_represented_CtD_edge,0,0,0,0,0,0,0,1,1,1,0,1,0,0
Compound::DB04920|Disease::DOID:9744,Compound::DB04920,Clevidipine,Disease::DOID:9744,type 1 diabetes mellitus,Hetionet v1.0 filtered PolyMerge fragment,sampled_no_represented_CtD_edge,0,0,0,0,0,0,0,6,6,1,0,1,0,0
Compound::DB06209|Disease::DOID:9744,Compound::DB06209,Prasugrel,Disease::DOID:9744,type 1 diabetes mellitus,Hetionet v1.0 filtered PolyMerge fragment,sampled_no_represented_CtD_edge,0,0,0,0,0,0,0,1,1,1,0,1,0,0
Compound::DB06218|Disease::DOID:9970,Compound::DB06218,Lacosamide,Disease::DOID:9970,obesity,Hetionet v1.0 filtered PolyMerge fragment,sampled_no_represented_CtD_edge,0,0,0,0,0,0,0,1,1,1,0,1,0,0
Compound::DB06689|Disease::DOID:418,Compound::DB06689,Ethanolamine Oleate,Disease::DOID:418,systemic scleroderma,Hetionet v1.0 filtered PolyMerge fragment,sampled_no_represented_CtD_edge,0,0,0,0,0,0,0,1,1,2,1,3,0,0
Compound::DB06689|Disease::DOID:9744,Compound::DB06689,Ethanolamine Oleate,Disease::DOID:9744,type 1 diabetes mellitus,Hetionet v1.0 filtered PolyMerge fragment,sampled_no_represented_CtD_edge,0,0,0,0,0,0,0,1,1,1,0,1,0,0
Compound::DB06691|Disease::DOID:13189,Compound::DB06691,Mepyramine,Disease::DOID:13189,gout,Hetionet v1.0 filtered PolyMerge fragment,sampled_no_represented_CtD_edge,0,0,0,0,0,0,0,2,2,0,1,1,0,0
Compound::DB06707|Disease::DOID:7148,Compound::DB06707,Levonordefrin,Disease::DOID:7148,rheumatoid arthritis,Hetionet v1.0 filtered PolyMerge fragment,sampled_no_represented_CtD_edge,0,0,0,0,0,0,0,1,1,0,1,1,0,0
Compound::DB06710|Disease::DOID:14221,Compound::DB06710,Methyltestosterone,Disease::DOID:14221,metabolic syndrome X,Hetionet v1.0 filtered PolyMerge fragment,sampled_no_represented_CtD_edge,0,0,0,0,0,0,0,2,2,1,0,1,0,0
Compound::DB06710|Disease::DOID:9352,Compound::DB06710,Methyltestosterone,Disease::DOID:9352,type 2 diabetes mellitus,Hetionet v1.0 filtered PolyMerge fragment,sampled_no_represented_CtD_edge,0,0,0,0,0,0,0,2,2,22,0,22,0,0
Compound::DB06711|Disease::DOID:11612,Compound::DB06711,Naphazoline,Disease::DOID:11612,polycystic ovary syndrome,Hetionet v1.0 filtered PolyMerge fragment,sampled_no_represented_CtD_edge,0,0,0,0,0,0,0,1,1,1,0,1,0,0
Compound::DB08797|Disease::DOID:13189,Compound::DB08797,Salicylamide,Disease::DOID:13189,gout,Hetionet v1.0 filtered PolyMerge fragment,sampled_no_represented_CtD_edge,0,0,0,0,0,0,0,2,2,0,1,1,0,0
Compound::DB08797|Disease::DOID:9074,Compound::DB08797,Salicylamide,Disease::DOID:9074,systemic lupus erythematosus,Hetionet v1.0 filtered PolyMerge fragment,sampled_no_represented_CtD_edge,0,0,0,0,0,0,0,2,2,0,1,1,0,0
Compound::DB08799|Disease::DOID:9352,Compound::DB08799,Antazoline,Disease::DOID:9352,type 2 diabetes mellitus,Hetionet v1.0 filtered PolyMerge fragment,sampled_no_represented_CtD_edge,0,0,0,0,0,0,0,1,1,22,0,22,0,0
Compound::DB08800|Disease::DOID:14221,Compound::DB08800,Chloropyramine,Disease::DOID:14221,metabolic syndrome X,Hetionet v1.0 filtered PolyMerge fragment,sampled_no_represented_CtD_edge,0,0,0,0,0,0,0,1,1,1,0,1,0,0
Compound::DB08800|Disease::DOID:1686,Compound::DB08800,Chloropyramine,Disease::DOID:1686,glaucoma,Hetionet v1.0 filtered PolyMerge fragment,sampled_no_represented_CtD_edge,0,0,0,0,0,0,0,1,1,3,0,3,0,0
Compound::DB08807|Disease::DOID:1686,Compound::DB08807,Bopindolol,Disease::DOID:1686,glaucoma,Hetionet v1.0 filtered PolyMerge fragment,sampled_no_represented_CtD_edge,0,0,0,0,0,0,0,2,2,3,0,3,0,0
Compound::DB08808|Disease::DOID:10763,Compound::DB08808,Bupranolol,Disease::DOID:10763,hypertension,Hetionet v1.0 filtered PolyMerge fragment,sampled_no_represented_CtD_edge,0,0,0,0,0,0,0,5,5,68,0,68,0,0
Compound::DB08808|Disease::DOID:12930,Compound::DB08808,Bupranolol,Disease::DOID:12930,dilated cardiomyopathy,Hetionet v1.0 filtered PolyMerge fragment,sampled_no_represented_CtD_edge,0,0,0,0,0,0,0,5,5,3,0,3,0,0
Compound::DB08811|Disease::DOID:784,Compound::DB08811,Tofisopam,Disease::DOID:784,chronic kidney failure,Hetionet v1.0 filtered PolyMerge fragment,sampled_no_represented_CtD_edge,0,0,0,0,0,0,0,1,1,0,4,4,0,0
Compound::DB08816|Disease::DOID:3393,Compound::DB08816,Ticagrelor,Disease::DOID:3393,coronary artery disease,Hetionet v1.0 filtered PolyMerge fragment,represented_CtD_edge,0,0,3,0,0,123,6,0,133,27,3,31,0,1
Compound::DB08822|Disease::DOID:11612,Compound::DB08822,Azilsartan medoxomil,Disease::DOID:11612,polycystic ovary syndrome,Hetionet v1.0 filtered PolyMerge fragment,sampled_no_represented_CtD_edge,0,0,0,0,0,0,0,4,4,1,0,1,0,0
Compound::DB08860|Disease::DOID:3393,Compound::DB08860,Pitavastatin,Disease::DOID:3393,coronary artery disease,Hetionet v1.0 filtered PolyMerge fragment,represented_CtD_edge,0,0,14,197,248,49,0,3,512,27,3,31,0,1
Compound::DB08882|Disease::DOID:585,Compound::DB08882,Linagliptin,Disease::DOID:585,nephrolithiasis,Hetionet v1.0 filtered PolyMerge fragment,sampled_no_represented_CtD_edge,1,0,3,0,0,39,1,1,45,1,0,1,0,0
Compound::DB08882|Disease::DOID:9352,Compound::DB08882,Linagliptin,Disease::DOID:9352,type 2 diabetes mellitus,Hetionet v1.0 filtered PolyMerge fragment,represented_CtD_edge,0,0,3,0,0,39,1,1,45,21,0,22,0,1
Compound::DB08893|Disease::DOID:1094,Compound::DB08893,Mirabegron,Disease::DOID:1094,attention deficit hyperactivity disorder,Hetionet v1.0 filtered PolyMerge fragment,sampled_no_represented_CtD_edge,0,0,0,0,0,0,0,1,1,0,2,2,0,0
Compound::DB08893|Disease::DOID:1936,Compound::DB08893,Mirabegron,Disease::DOID:1936,atherosclerosis,Hetionet v1.0 filtered PolyMerge fragment,sampled_no_represented_CtD_edge,0,0,0,0,0,0,0,1,1,6,0,6,0,0
Compound::DB08893|Disease::DOID:9970,Compound::DB08893,Mirabegron,Disease::DOID:9970,obesity,Hetionet v1.0 filtered PolyMerge fragment,sampled_no_represented_CtD_edge,0,0,0,0,0,0,0,1,1,1,0,1,0,0
Compound::DB08941|Disease::DOID:1094,Compound::DB08941,Isoxsuprine,Disease::DOID:1094,attention deficit hyperactivity disorder,Hetionet v1.0 filtered PolyMerge fragment,sampled_no_represented_CtD_edge,0,0,0,0,0,0,0,2,2,0,2,2,0,0
Compound::DB08941|Disease::DOID:1936,Compound::DB08941,Isoxsuprine,Disease::DOID:1936,atherosclerosis,Hetionet v1.0 filtered PolyMerge fragment,sampled_no_represented_CtD_edge,0,0,0,0,0,0,0,2,2,6,0,6,0,0
Compound::DB08954|Disease::DOID:0050425,Compound::DB08954,Ifenprodil,Disease::DOID:0050425,restless legs syndrome,Hetionet v1.0 filtered PolyMerge fragment,sampled_no_represented_CtD_edge,0,0,0,0,0,0,0,2,2,0,1,1,0,0
Compound::DB08954|Disease::DOID:1094,Compound::DB08954,Ifenprodil,Disease::DOID:1094,attention deficit hyperactivity disorder,Hetionet v1.0 filtered PolyMerge fragment,sampled_no_represented_CtD_edge,0,0,0,0,0,0,0,2,2,0,2,2,0,0
Compound::DB08983|Disease::DOID:14221,Compound::DB08983,Etofibrate,Disease::DOID:14221,metabolic syndrome X,Hetionet v1.0 filtered PolyMerge fragment,sampled_no_represented_CtD_edge,0,0,0,0,0,0,0,1,1,1,0,1,0,0
Compound::DB08990|Disease::DOID:11119,Compound::DB08990,Eprazinone,Disease::DOID:11119,Gilles de la Tourette syndrome,Hetionet v1.0 filtered PolyMerge fragment,sampled_no_represented_CtD_edge,0,0,0,0,0,0,0,1,1,0,2,2,0,0
Compound::DB08990|Disease::DOID:14330,Compound::DB08990,Eprazinone,Disease::DOID:14330,Parkinson's disease,Hetionet v1.0 filtered PolyMerge fragment,sampled_no_represented_CtD_edge,0,0,0,0,0,0,0,1,1,0,1,1,0,0
Compound::DB08990|Disease::DOID:9074,Compound::DB08990,Eprazinone,Disease::DOID:9074,systemic lupus erythematosus,Hetionet v1.0 filtered PolyMerge fragment,sampled_no_represented_CtD_edge,0,0,0,0,0,0,0,1,1,0,1,1,0,0
Compound::DB08998|Disease::DOID:3393,Compound::DB08998,Demexiptiline,Disease::DOID:3393,coronary artery disease,Hetionet v1.0 filtered PolyMerge fragment,sampled_no_represented_CtD_edge,0,0,0,0,0,0,0,2,2,28,3,31,0,0
Compound::DB09000|Disease::DOID:0050425,Compound::DB09000,Cyamemazine,Disease::DOID:0050425,restless legs syndrome,Hetionet v1.0 filtered PolyMerge fragment,sampled_no_represented_CtD_edge,0,0,0,0,0,0,0,1,1,0,1,1,0,0
Compound::DB09000|Disease::DOID:7148,Compound::DB09000,Cyamemazine,Disease::DOID:7148,rheumatoid arthritis,Hetionet v1.0 filtered PolyMerge fragment,sampled_no_represented_CtD_edge,0,0,0,0,0,0,0,1,1,0,1,1,0,0
Compound::DB09015|Disease::DOID:1686,Compound::DB09015,Potassium Canrenoate,Disease::DOID:1686,glaucoma,Hetionet v1.0 filtered PolyMerge fragment,sampled_no_represented_CtD_edge,0,0,0,0,0,0,0,1,1,3,0,3,0,0
Compound::DB09015|Disease::DOID:784,Compound::DB09015,Potassium Canrenoate,Disease::DOID:784,chronic kidney failure,Hetionet v1.0 filtered PolyMerge fragment,sampled_no_represented_CtD_edge,0,0,0,0,0,0,0,1,1,0,4,4,0,0
